Id,DatasetID,IndividualID,OriginalTraitName,OriginalTraitDef,OriginalTraitValue,OriginalTraitUnit,Habitat,LabField,SecondStressor,SecondStressorDef,SecondStressorValue,SecondStressorUnit,Location,LocationType,CoordinateType,Latitude,Longitude,Interactor1,Interactor1Common,Interactor1Kingdom,Interactor1Phylum,Interactor1Class,Interactor1Order,Interactor1Family,Interactor1Genus,Interactor1Species,Interactor1Stage,Interactor1Temp,Interactor1TempUnit,Interactor1GrowthTemp,Interactor1GrowthTempUnit,FigureTable,Citation,DOI,CuratedByCitation,CuratedByDOI,SubmittedBy,ContributorEmail,DefaultChartXaxis,DefaultChartCategory,EmbargoReleaseDate
92517,557,PHX331,development time,individual-level duration of life stage,31,days,terrestrial,laboratory,resource supply,food quantity supplied at a constant rate ,0.1,mg individual-1 day-1,Fort Myers Florida,field,decimal,26.616667,-81.833333,Aedes aegypti,Yellow fever mosquito,Animalia,Arthropoda,Insecta,Diptera,Culicidae,Aedes,aegypti,juvenile (not inc egg stage),22,Celsius,26,Celsius,supplementary material,Huxley et al. 2021. The effect of resource limitation on the temperature-dependance of mosquito fitness. Proc. R. Soc. B. 288: 20203217.,10.1098/rspb.2020.3217,"Da Re, D., Andreo, V., San Miguel, T.V. et al. AedesTraits: A global dataset of temperature–dependent trait responses in Aedes mosquitoes. Sci Data 12, 2033 (2025).",10.1038/s41597-025-06461-z,Paul Huxley,phuxly@gmail.com,Interactor1Temp,SecondStressorValue,1/1/21
92519,557,PHX332,development time,individual-level duration of life stage,32,days,terrestrial,laboratory,resource supply,food quantity supplied at a constant rate ,0.1,mg individual-1 day-1,Fort Myers Florida,field,decimal,26.616667,-81.833333,Aedes aegypti,Yellow fever mosquito,Animalia,Arthropoda,Insecta,Diptera,Culicidae,Aedes,aegypti,juvenile (not inc egg stage),22,Celsius,26,Celsius,supplementary material,Huxley et al. 2021. The effect of resource limitation on the temperature-dependance of mosquito fitness. Proc. R. Soc. B. 288: 20203217.,10.1098/rspb.2020.3217,"Da Re, D., Andreo, V., San Miguel, T.V. et al. AedesTraits: A global dataset of temperature–dependent trait responses in Aedes mosquitoes. Sci Data 12, 2033 (2025).",10.1038/s41597-025-06461-z,Paul Huxley,phuxly@gmail.com,Interactor1Temp,SecondStressorValue,1/1/21
92521,557,PHX333,development time,individual-level duration of life stage,33,days,terrestrial,laboratory,resource supply,food quantity supplied at a constant rate ,0.1,mg individual-1 day-1,Fort Myers Florida,field,decimal,26.616667,-81.833333,Aedes aegypti,Yellow fever mosquito,Animalia,Arthropoda,Insecta,Diptera,Culicidae,Aedes,aegypti,juvenile (not inc egg stage),22,Celsius,26,Celsius,supplementary material,Huxley et al. 2021. The effect of resource limitation on the temperature-dependance of mosquito fitness. Proc. R. Soc. B. 288: 20203217.,10.1098/rspb.2020.3217,"Da Re, D., Andreo, V., San Miguel, T.V. et al. AedesTraits: A global dataset of temperature–dependent trait responses in Aedes mosquitoes. Sci Data 12, 2033 (2025).",10.1038/s41597-025-06461-z,Paul Huxley,phuxly@gmail.com,Interactor1Temp,SecondStressorValue,1/1/21
92523,557,PHX334,development time,individual-level duration of life stage,37,days,terrestrial,laboratory,resource supply,food quantity supplied at a constant rate ,0.1,mg individual-1 day-1,Fort Myers Florida,field,decimal,26.616667,-81.833333,Aedes aegypti,Yellow fever mosquito,Animalia,Arthropoda,Insecta,Diptera,Culicidae,Aedes,aegypti,juvenile (not inc egg stage),22,Celsius,26,Celsius,supplementary material,Huxley et al. 2021. The effect of resource limitation on the temperature-dependance of mosquito fitness. Proc. R. Soc. B. 288: 20203217.,10.1098/rspb.2020.3217,"Da Re, D., Andreo, V., San Miguel, T.V. et al. AedesTraits: A global dataset of temperature–dependent trait responses in Aedes mosquitoes. Sci Data 12, 2033 (2025).",10.1038/s41597-025-06461-z,Paul Huxley,phuxly@gmail.com,Interactor1Temp,SecondStressorValue,1/1/21
92525,557,PHX335,development time,individual-level duration of life stage,33,days,terrestrial,laboratory,resource supply,food quantity supplied at a constant rate ,0.1,mg individual-1 day-1,Fort Myers Florida,field,decimal,26.616667,-81.833333,Aedes aegypti,Yellow fever mosquito,Animalia,Arthropoda,Insecta,Diptera,Culicidae,Aedes,aegypti,juvenile (not inc egg stage),22,Celsius,26,Celsius,supplementary material,Huxley et al. 2021. The effect of resource limitation on the temperature-dependance of mosquito fitness. Proc. R. Soc. B. 288: 20203217.,10.1098/rspb.2020.3217,"Da Re, D., Andreo, V., San Miguel, T.V. et al. AedesTraits: A global dataset of temperature–dependent trait responses in Aedes mosquitoes. Sci Data 12, 2033 (2025).",10.1038/s41597-025-06461-z,Paul Huxley,phuxly@gmail.com,Interactor1Temp,SecondStressorValue,1/1/21
92526,557,PHX336,development time,individual-level duration of life stage,37,days,terrestrial,laboratory,resource supply,food quantity supplied at a constant rate ,0.1,mg individual-1 day-1,Fort Myers Florida,field,decimal,26.616667,-81.833333,Aedes aegypti,Yellow fever mosquito,Animalia,Arthropoda,Insecta,Diptera,Culicidae,Aedes,aegypti,juvenile (not inc egg stage),22,Celsius,26,Celsius,supplementary material,Huxley et al. 2021. The effect of resource limitation on the temperature-dependance of mosquito fitness. Proc. R. Soc. B. 288: 20203217.,10.1098/rspb.2020.3217,"Da Re, D., Andreo, V., San Miguel, T.V. et al. AedesTraits: A global dataset of temperature–dependent trait responses in Aedes mosquitoes. Sci Data 12, 2033 (2025).",10.1038/s41597-025-06461-z,Paul Huxley,phuxly@gmail.com,Interactor1Temp,SecondStressorValue,1/1/21
92528,557,PHX337,development time,individual-level duration of life stage,38,days,terrestrial,laboratory,resource supply,food quantity supplied at a constant rate ,0.1,mg individual-1 day-1,Fort Myers Florida,field,decimal,26.616667,-81.833333,Aedes aegypti,Yellow fever mosquito,Animalia,Arthropoda,Insecta,Diptera,Culicidae,Aedes,aegypti,juvenile (not inc egg stage),22,Celsius,26,Celsius,supplementary material,Huxley et al. 2021. The effect of resource limitation on the temperature-dependance of mosquito fitness. Proc. R. Soc. B. 288: 20203217.,10.1098/rspb.2020.3217,"Da Re, D., Andreo, V., San Miguel, T.V. et al. AedesTraits: A global dataset of temperature–dependent trait responses in Aedes mosquitoes. Sci Data 12, 2033 (2025).",10.1038/s41597-025-06461-z,Paul Huxley,phuxly@gmail.com,Interactor1Temp,SecondStressorValue,1/1/21
92530,557,PHX338,development time,individual-level duration of life stage,40,days,terrestrial,laboratory,resource supply,food quantity supplied at a constant rate ,0.1,mg individual-1 day-1,Fort Myers Florida,field,decimal,26.616667,-81.833333,Aedes aegypti,Yellow fever mosquito,Animalia,Arthropoda,Insecta,Diptera,Culicidae,Aedes,aegypti,juvenile (not inc egg stage),22,Celsius,26,Celsius,supplementary material,Huxley et al. 2021. The effect of resource limitation on the temperature-dependance of mosquito fitness. Proc. R. Soc. B. 288: 20203217.,10.1098/rspb.2020.3217,"Da Re, D., Andreo, V., San Miguel, T.V. et al. AedesTraits: A global dataset of temperature–dependent trait responses in Aedes mosquitoes. Sci Data 12, 2033 (2025).",10.1038/s41597-025-06461-z,Paul Huxley,phuxly@gmail.com,Interactor1Temp,SecondStressorValue,1/1/21
92532,557,PHX339,development time,individual-level duration of life stage,35,days,terrestrial,laboratory,resource supply,food quantity supplied at a constant rate ,0.1,mg individual-1 day-1,Fort Myers Florida,field,decimal,26.616667,-81.833333,Aedes aegypti,Yellow fever mosquito,Animalia,Arthropoda,Insecta,Diptera,Culicidae,Aedes,aegypti,juvenile (not inc egg stage),22,Celsius,26,Celsius,supplementary material,Huxley et al. 2021. The effect of resource limitation on the temperature-dependance of mosquito fitness. Proc. R. Soc. B. 288: 20203217.,10.1098/rspb.2020.3217,"Da Re, D., Andreo, V., San Miguel, T.V. et al. AedesTraits: A global dataset of temperature–dependent trait responses in Aedes mosquitoes. Sci Data 12, 2033 (2025).",10.1038/s41597-025-06461-z,Paul Huxley,phuxly@gmail.com,Interactor1Temp,SecondStressorValue,1/1/21
92534,557,PHX340,development time,individual-level duration of life stage,39,days,terrestrial,laboratory,resource supply,food quantity supplied at a constant rate ,0.1,mg individual-1 day-1,Fort Myers Florida,field,decimal,26.616667,-81.833333,Aedes aegypti,Yellow fever mosquito,Animalia,Arthropoda,Insecta,Diptera,Culicidae,Aedes,aegypti,juvenile (not inc egg stage),22,Celsius,26,Celsius,supplementary material,Huxley et al. 2021. The effect of resource limitation on the temperature-dependance of mosquito fitness. Proc. R. Soc. B. 288: 20203217.,10.1098/rspb.2020.3217,"Da Re, D., Andreo, V., San Miguel, T.V. et al. AedesTraits: A global dataset of temperature–dependent trait responses in Aedes mosquitoes. Sci Data 12, 2033 (2025).",10.1038/s41597-025-06461-z,Paul Huxley,phuxly@gmail.com,Interactor1Temp,SecondStressorValue,1/1/21
92536,557,PHX341,development time,individual-level duration of life stage,32,days,terrestrial,laboratory,resource supply,food quantity supplied at a constant rate ,0.1,mg individual-1 day-1,Fort Myers Florida,field,decimal,26.616667,-81.833333,Aedes aegypti,Yellow fever mosquito,Animalia,Arthropoda,Insecta,Diptera,Culicidae,Aedes,aegypti,juvenile (not inc egg stage),22,Celsius,26,Celsius,supplementary material,Huxley et al. 2021. The effect of resource limitation on the temperature-dependance of mosquito fitness. Proc. R. Soc. B. 288: 20203217.,10.1098/rspb.2020.3217,"Da Re, D., Andreo, V., San Miguel, T.V. et al. AedesTraits: A global dataset of temperature–dependent trait responses in Aedes mosquitoes. Sci Data 12, 2033 (2025).",10.1038/s41597-025-06461-z,Paul Huxley,phuxly@gmail.com,Interactor1Temp,SecondStressorValue,1/1/21
92537,557,PHX342,development time,individual-level duration of life stage,33,days,terrestrial,laboratory,resource supply,food quantity supplied at a constant rate ,0.1,mg individual-1 day-1,Fort Myers Florida,field,decimal,26.616667,-81.833333,Aedes aegypti,Yellow fever mosquito,Animalia,Arthropoda,Insecta,Diptera,Culicidae,Aedes,aegypti,juvenile (not inc egg stage),22,Celsius,26,Celsius,supplementary material,Huxley et al. 2021. The effect of resource limitation on the temperature-dependance of mosquito fitness. Proc. R. Soc. B. 288: 20203217.,10.1098/rspb.2020.3217,"Da Re, D., Andreo, V., San Miguel, T.V. et al. AedesTraits: A global dataset of temperature–dependent trait responses in Aedes mosquitoes. Sci Data 12, 2033 (2025).",10.1038/s41597-025-06461-z,Paul Huxley,phuxly@gmail.com,Interactor1Temp,SecondStressorValue,1/1/21
92539,557,PHX343,development time,individual-level duration of life stage,37,days,terrestrial,laboratory,resource supply,food quantity supplied at a constant rate ,0.1,mg individual-1 day-1,Fort Myers Florida,field,decimal,26.616667,-81.833333,Aedes aegypti,Yellow fever mosquito,Animalia,Arthropoda,Insecta,Diptera,Culicidae,Aedes,aegypti,juvenile (not inc egg stage),22,Celsius,26,Celsius,supplementary material,Huxley et al. 2021. The effect of resource limitation on the temperature-dependance of mosquito fitness. Proc. R. Soc. B. 288: 20203217.,10.1098/rspb.2020.3217,"Da Re, D., Andreo, V., San Miguel, T.V. et al. AedesTraits: A global dataset of temperature–dependent trait responses in Aedes mosquitoes. Sci Data 12, 2033 (2025).",10.1038/s41597-025-06461-z,Paul Huxley,phuxly@gmail.com,Interactor1Temp,SecondStressorValue,1/1/21
92541,557,PHX344,development time,individual-level duration of life stage,39,days,terrestrial,laboratory,resource supply,food quantity supplied at a constant rate ,0.1,mg individual-1 day-1,Fort Myers Florida,field,decimal,26.616667,-81.833333,Aedes aegypti,Yellow fever mosquito,Animalia,Arthropoda,Insecta,Diptera,Culicidae,Aedes,aegypti,juvenile (not inc egg stage),22,Celsius,26,Celsius,supplementary material,Huxley et al. 2021. The effect of resource limitation on the temperature-dependance of mosquito fitness. Proc. R. Soc. B. 288: 20203217.,10.1098/rspb.2020.3217,"Da Re, D., Andreo, V., San Miguel, T.V. et al. AedesTraits: A global dataset of temperature–dependent trait responses in Aedes mosquitoes. Sci Data 12, 2033 (2025).",10.1038/s41597-025-06461-z,Paul Huxley,phuxly@gmail.com,Interactor1Temp,SecondStressorValue,1/1/21
92543,557,PHX345,development time,individual-level duration of life stage,39,days,terrestrial,laboratory,resource supply,food quantity supplied at a constant rate ,0.1,mg individual-1 day-1,Fort Myers Florida,field,decimal,26.616667,-81.833333,Aedes aegypti,Yellow fever mosquito,Animalia,Arthropoda,Insecta,Diptera,Culicidae,Aedes,aegypti,juvenile (not inc egg stage),22,Celsius,26,Celsius,supplementary material,Huxley et al. 2021. The effect of resource limitation on the temperature-dependance of mosquito fitness. Proc. R. Soc. B. 288: 20203217.,10.1098/rspb.2020.3217,"Da Re, D., Andreo, V., San Miguel, T.V. et al. AedesTraits: A global dataset of temperature–dependent trait responses in Aedes mosquitoes. Sci Data 12, 2033 (2025).",10.1038/s41597-025-06461-z,Paul Huxley,phuxly@gmail.com,Interactor1Temp,SecondStressorValue,1/1/21
92545,557,PHX346,development time,individual-level duration of life stage,35,days,terrestrial,laboratory,resource supply,food quantity supplied at a constant rate ,0.1,mg individual-1 day-1,Fort Myers Florida,field,decimal,26.616667,-81.833333,Aedes aegypti,Yellow fever mosquito,Animalia,Arthropoda,Insecta,Diptera,Culicidae,Aedes,aegypti,juvenile (not inc egg stage),22,Celsius,26,Celsius,supplementary material,Huxley et al. 2021. The effect of resource limitation on the temperature-dependance of mosquito fitness. Proc. R. Soc. B. 288: 20203217.,10.1098/rspb.2020.3217,"Da Re, D., Andreo, V., San Miguel, T.V. et al. AedesTraits: A global dataset of temperature–dependent trait responses in Aedes mosquitoes. Sci Data 12, 2033 (2025).",10.1038/s41597-025-06461-z,Paul Huxley,phuxly@gmail.com,Interactor1Temp,SecondStressorValue,1/1/21
92547,557,PHX347,development time,individual-level duration of life stage,37,days,terrestrial,laboratory,resource supply,food quantity supplied at a constant rate ,0.1,mg individual-1 day-1,Fort Myers Florida,field,decimal,26.616667,-81.833333,Aedes aegypti,Yellow fever mosquito,Animalia,Arthropoda,Insecta,Diptera,Culicidae,Aedes,aegypti,juvenile (not inc egg stage),22,Celsius,26,Celsius,supplementary material,Huxley et al. 2021. The effect of resource limitation on the temperature-dependance of mosquito fitness. Proc. R. Soc. B. 288: 20203217.,10.1098/rspb.2020.3217,"Da Re, D., Andreo, V., San Miguel, T.V. et al. AedesTraits: A global dataset of temperature–dependent trait responses in Aedes mosquitoes. Sci Data 12, 2033 (2025).",10.1038/s41597-025-06461-z,Paul Huxley,phuxly@gmail.com,Interactor1Temp,SecondStressorValue,1/1/21
92548,557,PHX348,development time,individual-level duration of life stage,38,days,terrestrial,laboratory,resource supply,food quantity supplied at a constant rate ,0.1,mg individual-1 day-1,Fort Myers Florida,field,decimal,26.616667,-81.833333,Aedes aegypti,Yellow fever mosquito,Animalia,Arthropoda,Insecta,Diptera,Culicidae,Aedes,aegypti,juvenile (not inc egg stage),22,Celsius,26,Celsius,supplementary material,Huxley et al. 2021. The effect of resource limitation on the temperature-dependance of mosquito fitness. Proc. R. Soc. B. 288: 20203217.,10.1098/rspb.2020.3217,"Da Re, D., Andreo, V., San Miguel, T.V. et al. AedesTraits: A global dataset of temperature–dependent trait responses in Aedes mosquitoes. Sci Data 12, 2033 (2025).",10.1038/s41597-025-06461-z,Paul Huxley,phuxly@gmail.com,Interactor1Temp,SecondStressorValue,1/1/21
92550,557,PHX349,development time,individual-level duration of life stage,38,days,terrestrial,laboratory,resource supply,food quantity supplied at a constant rate ,0.1,mg individual-1 day-1,Fort Myers Florida,field,decimal,26.616667,-81.833333,Aedes aegypti,Yellow fever mosquito,Animalia,Arthropoda,Insecta,Diptera,Culicidae,Aedes,aegypti,juvenile (not inc egg stage),22,Celsius,26,Celsius,supplementary material,Huxley et al. 2021. The effect of resource limitation on the temperature-dependance of mosquito fitness. Proc. R. Soc. B. 288: 20203217.,10.1098/rspb.2020.3217,"Da Re, D., Andreo, V., San Miguel, T.V. et al. AedesTraits: A global dataset of temperature–dependent trait responses in Aedes mosquitoes. Sci Data 12, 2033 (2025).",10.1038/s41597-025-06461-z,Paul Huxley,phuxly@gmail.com,Interactor1Temp,SecondStressorValue,1/1/21
92552,557,PHX350,development time,individual-level duration of life stage,39,days,terrestrial,laboratory,resource supply,food quantity supplied at a constant rate ,0.1,mg individual-1 day-1,Fort Myers Florida,field,decimal,26.616667,-81.833333,Aedes aegypti,Yellow fever mosquito,Animalia,Arthropoda,Insecta,Diptera,Culicidae,Aedes,aegypti,juvenile (not inc egg stage),22,Celsius,26,Celsius,supplementary material,Huxley et al. 2021. The effect of resource limitation on the temperature-dependance of mosquito fitness. Proc. R. Soc. B. 288: 20203217.,10.1098/rspb.2020.3217,"Da Re, D., Andreo, V., San Miguel, T.V. et al. AedesTraits: A global dataset of temperature–dependent trait responses in Aedes mosquitoes. Sci Data 12, 2033 (2025).",10.1038/s41597-025-06461-z,Paul Huxley,phuxly@gmail.com,Interactor1Temp,SecondStressorValue,1/1/21
92554,557,PHX351,development time,individual-level duration of life stage,38,days,terrestrial,laboratory,resource supply,food quantity supplied at a constant rate ,0.1,mg individual-1 day-1,Fort Myers Florida,field,decimal,26.616667,-81.833333,Aedes aegypti,Yellow fever mosquito,Animalia,Arthropoda,Insecta,Diptera,Culicidae,Aedes,aegypti,juvenile (not inc egg stage),22,Celsius,26,Celsius,supplementary material,Huxley et al. 2021. The effect of resource limitation on the temperature-dependance of mosquito fitness. Proc. R. Soc. B. 288: 20203217.,10.1098/rspb.2020.3217,"Da Re, D., Andreo, V., San Miguel, T.V. et al. AedesTraits: A global dataset of temperature–dependent trait responses in Aedes mosquitoes. Sci Data 12, 2033 (2025).",10.1038/s41597-025-06461-z,Paul Huxley,phuxly@gmail.com,Interactor1Temp,SecondStressorValue,1/1/21
92556,557,PHX352,development time,individual-level duration of life stage,38,days,terrestrial,laboratory,resource supply,food quantity supplied at a constant rate ,0.1,mg individual-1 day-1,Fort Myers Florida,field,decimal,26.616667,-81.833333,Aedes aegypti,Yellow fever mosquito,Animalia,Arthropoda,Insecta,Diptera,Culicidae,Aedes,aegypti,juvenile (not inc egg stage),22,Celsius,26,Celsius,supplementary material,Huxley et al. 2021. The effect of resource limitation on the temperature-dependance of mosquito fitness. Proc. R. Soc. B. 288: 20203217.,10.1098/rspb.2020.3217,"Da Re, D., Andreo, V., San Miguel, T.V. et al. AedesTraits: A global dataset of temperature–dependent trait responses in Aedes mosquitoes. Sci Data 12, 2033 (2025).",10.1038/s41597-025-06461-z,Paul Huxley,phuxly@gmail.com,Interactor1Temp,SecondStressorValue,1/1/21
92558,557,PHX353,development time,individual-level duration of life stage,41,days,terrestrial,laboratory,resource supply,food quantity supplied at a constant rate ,0.1,mg individual-1 day-1,Fort Myers Florida,field,decimal,26.616667,-81.833333,Aedes aegypti,Yellow fever mosquito,Animalia,Arthropoda,Insecta,Diptera,Culicidae,Aedes,aegypti,juvenile (not inc egg stage),22,Celsius,26,Celsius,supplementary material,Huxley et al. 2021. The effect of resource limitation on the temperature-dependance of mosquito fitness. Proc. R. Soc. B. 288: 20203217.,10.1098/rspb.2020.3217,"Da Re, D., Andreo, V., San Miguel, T.V. et al. AedesTraits: A global dataset of temperature–dependent trait responses in Aedes mosquitoes. Sci Data 12, 2033 (2025).",10.1038/s41597-025-06461-z,Paul Huxley,phuxly@gmail.com,Interactor1Temp,SecondStressorValue,1/1/21
92560,557,PHX354,development time,individual-level duration of life stage,8,days,terrestrial,laboratory,resource supply,food quantity supplied at a constant rate ,1,mg individual-1 day-1,Fort Myers Florida,field,decimal,26.616667,-81.833333,Aedes aegypti,Yellow fever mosquito,Animalia,Arthropoda,Insecta,Diptera,Culicidae,Aedes,aegypti,juvenile (not inc egg stage),26,Celsius,26,Celsius,supplementary material,Huxley et al. 2021. The effect of resource limitation on the temperature-dependance of mosquito fitness. Proc. R. Soc. B. 288: 20203217.,10.1098/rspb.2020.3217,"Da Re, D., Andreo, V., San Miguel, T.V. et al. AedesTraits: A global dataset of temperature–dependent trait responses in Aedes mosquitoes. Sci Data 12, 2033 (2025).",10.1038/s41597-025-06461-z,Paul Huxley,phuxly@gmail.com,Interactor1Temp,SecondStressorValue,1/1/21
92562,557,PHX355,development time,individual-level duration of life stage,11,days,terrestrial,laboratory,resource supply,food quantity supplied at a constant rate ,1,mg individual-1 day-1,Fort Myers Florida,field,decimal,26.616667,-81.833333,Aedes aegypti,Yellow fever mosquito,Animalia,Arthropoda,Insecta,Diptera,Culicidae,Aedes,aegypti,juvenile (not inc egg stage),22,Celsius,26,Celsius,supplementary material,Huxley et al. 2021. The effect of resource limitation on the temperature-dependance of mosquito fitness. Proc. R. Soc. B. 288: 20203217.,10.1098/rspb.2020.3217,"Da Re, D., Andreo, V., San Miguel, T.V. et al. AedesTraits: A global dataset of temperature–dependent trait responses in Aedes mosquitoes. Sci Data 12, 2033 (2025).",10.1038/s41597-025-06461-z,Paul Huxley,phuxly@gmail.com,Interactor1Temp,SecondStressorValue,1/1/21
92564,557,PHX356,development time,individual-level duration of life stage,11,days,terrestrial,laboratory,resource supply,food quantity supplied at a constant rate ,1,mg individual-1 day-1,Fort Myers Florida,field,decimal,26.616667,-81.833333,Aedes aegypti,Yellow fever mosquito,Animalia,Arthropoda,Insecta,Diptera,Culicidae,Aedes,aegypti,juvenile (not inc egg stage),22,Celsius,26,Celsius,supplementary material,Huxley et al. 2021. The effect of resource limitation on the temperature-dependance of mosquito fitness. Proc. R. Soc. B. 288: 20203217.,10.1098/rspb.2020.3217,"Da Re, D., Andreo, V., San Miguel, T.V. et al. AedesTraits: A global dataset of temperature–dependent trait responses in Aedes mosquitoes. Sci Data 12, 2033 (2025).",10.1038/s41597-025-06461-z,Paul Huxley,phuxly@gmail.com,Interactor1Temp,SecondStressorValue,1/1/21
92566,557,PHX357,development time,individual-level duration of life stage,8,days,terrestrial,laboratory,resource supply,food quantity supplied at a constant rate ,1,mg individual-1 day-1,Fort Myers Florida,field,decimal,26.616667,-81.833333,Aedes aegypti,Yellow fever mosquito,Animalia,Arthropoda,Insecta,Diptera,Culicidae,Aedes,aegypti,juvenile (not inc egg stage),26,Celsius,26,Celsius,supplementary material,Huxley et al. 2021. The effect of resource limitation on the temperature-dependance of mosquito fitness. Proc. R. Soc. B. 288: 20203217.,10.1098/rspb.2020.3217,"Da Re, D., Andreo, V., San Miguel, T.V. et al. AedesTraits: A global dataset of temperature–dependent trait responses in Aedes mosquitoes. Sci Data 12, 2033 (2025).",10.1038/s41597-025-06461-z,Paul Huxley,phuxly@gmail.com,Interactor1Temp,SecondStressorValue,1/1/21
92568,557,PHX358,development time,individual-level duration of life stage,8,days,terrestrial,laboratory,resource supply,food quantity supplied at a constant rate ,1,mg individual-1 day-1,Fort Myers Florida,field,decimal,26.616667,-81.833333,Aedes aegypti,Yellow fever mosquito,Animalia,Arthropoda,Insecta,Diptera,Culicidae,Aedes,aegypti,juvenile (not inc egg stage),26,Celsius,26,Celsius,supplementary material,Huxley et al. 2021. The effect of resource limitation on the temperature-dependance of mosquito fitness. Proc. R. Soc. B. 288: 20203217.,10.1098/rspb.2020.3217,"Da Re, D., Andreo, V., San Miguel, T.V. et al. AedesTraits: A global dataset of temperature–dependent trait responses in Aedes mosquitoes. Sci Data 12, 2033 (2025).",10.1038/s41597-025-06461-z,Paul Huxley,phuxly@gmail.com,Interactor1Temp,SecondStressorValue,1/1/21
92570,557,PHX359,development time,individual-level duration of life stage,9,days,terrestrial,laboratory,resource supply,food quantity supplied at a constant rate ,1,mg individual-1 day-1,Fort Myers Florida,field,decimal,26.616667,-81.833333,Aedes aegypti,Yellow fever mosquito,Animalia,Arthropoda,Insecta,Diptera,Culicidae,Aedes,aegypti,juvenile (not inc egg stage),26,Celsius,26,Celsius,supplementary material,Huxley et al. 2021. The effect of resource limitation on the temperature-dependance of mosquito fitness. Proc. R. Soc. B. 288: 20203217.,10.1098/rspb.2020.3217,"Da Re, D., Andreo, V., San Miguel, T.V. et al. AedesTraits: A global dataset of temperature–dependent trait responses in Aedes mosquitoes. Sci Data 12, 2033 (2025).",10.1038/s41597-025-06461-z,Paul Huxley,phuxly@gmail.com,Interactor1Temp,SecondStressorValue,1/1/21
92571,557,PHX360,development time,individual-level duration of life stage,12,days,terrestrial,laboratory,resource supply,food quantity supplied at a constant rate ,1,mg individual-1 day-1,Fort Myers Florida,field,decimal,26.616667,-81.833333,Aedes aegypti,Yellow fever mosquito,Animalia,Arthropoda,Insecta,Diptera,Culicidae,Aedes,aegypti,juvenile (not inc egg stage),22,Celsius,26,Celsius,supplementary material,Huxley et al. 2021. The effect of resource limitation on the temperature-dependance of mosquito fitness. Proc. R. Soc. B. 288: 20203217.,10.1098/rspb.2020.3217,"Da Re, D., Andreo, V., San Miguel, T.V. et al. AedesTraits: A global dataset of temperature–dependent trait responses in Aedes mosquitoes. Sci Data 12, 2033 (2025).",10.1038/s41597-025-06461-z,Paul Huxley,phuxly@gmail.com,Interactor1Temp,SecondStressorValue,1/1/21
92573,557,PHX361,development time,individual-level duration of life stage,12,days,terrestrial,laboratory,resource supply,food quantity supplied at a constant rate ,1,mg individual-1 day-1,Fort Myers Florida,field,decimal,26.616667,-81.833333,Aedes aegypti,Yellow fever mosquito,Animalia,Arthropoda,Insecta,Diptera,Culicidae,Aedes,aegypti,juvenile (not inc egg stage),22,Celsius,26,Celsius,supplementary material,Huxley et al. 2021. The effect of resource limitation on the temperature-dependance of mosquito fitness. Proc. R. Soc. B. 288: 20203217.,10.1098/rspb.2020.3217,"Da Re, D., Andreo, V., San Miguel, T.V. et al. AedesTraits: A global dataset of temperature–dependent trait responses in Aedes mosquitoes. Sci Data 12, 2033 (2025).",10.1038/s41597-025-06461-z,Paul Huxley,phuxly@gmail.com,Interactor1Temp,SecondStressorValue,1/1/21
92575,557,PHX362,development time,individual-level duration of life stage,11,days,terrestrial,laboratory,resource supply,food quantity supplied at a constant rate ,1,mg individual-1 day-1,Fort Myers Florida,field,decimal,26.616667,-81.833333,Aedes aegypti,Yellow fever mosquito,Animalia,Arthropoda,Insecta,Diptera,Culicidae,Aedes,aegypti,juvenile (not inc egg stage),22,Celsius,26,Celsius,supplementary material,Huxley et al. 2021. The effect of resource limitation on the temperature-dependance of mosquito fitness. Proc. R. Soc. B. 288: 20203217.,10.1098/rspb.2020.3217,"Da Re, D., Andreo, V., San Miguel, T.V. et al. AedesTraits: A global dataset of temperature–dependent trait responses in Aedes mosquitoes. Sci Data 12, 2033 (2025).",10.1038/s41597-025-06461-z,Paul Huxley,phuxly@gmail.com,Interactor1Temp,SecondStressorValue,1/1/21
92577,557,PHX363,development time,individual-level duration of life stage,11,days,terrestrial,laboratory,resource supply,food quantity supplied at a constant rate ,1,mg individual-1 day-1,Fort Myers Florida,field,decimal,26.616667,-81.833333,Aedes aegypti,Yellow fever mosquito,Animalia,Arthropoda,Insecta,Diptera,Culicidae,Aedes,aegypti,juvenile (not inc egg stage),22,Celsius,26,Celsius,supplementary material,Huxley et al. 2021. The effect of resource limitation on the temperature-dependance of mosquito fitness. Proc. R. Soc. B. 288: 20203217.,10.1098/rspb.2020.3217,"Da Re, D., Andreo, V., San Miguel, T.V. et al. AedesTraits: A global dataset of temperature–dependent trait responses in Aedes mosquitoes. Sci Data 12, 2033 (2025).",10.1038/s41597-025-06461-z,Paul Huxley,phuxly@gmail.com,Interactor1Temp,SecondStressorValue,1/1/21
92579,557,PHX364,development time,individual-level duration of life stage,11,days,terrestrial,laboratory,resource supply,food quantity supplied at a constant rate ,1,mg individual-1 day-1,Fort Myers Florida,field,decimal,26.616667,-81.833333,Aedes aegypti,Yellow fever mosquito,Animalia,Arthropoda,Insecta,Diptera,Culicidae,Aedes,aegypti,juvenile (not inc egg stage),22,Celsius,26,Celsius,supplementary material,Huxley et al. 2021. The effect of resource limitation on the temperature-dependance of mosquito fitness. Proc. R. Soc. B. 288: 20203217.,10.1098/rspb.2020.3217,"Da Re, D., Andreo, V., San Miguel, T.V. et al. AedesTraits: A global dataset of temperature–dependent trait responses in Aedes mosquitoes. Sci Data 12, 2033 (2025).",10.1038/s41597-025-06461-z,Paul Huxley,phuxly@gmail.com,Interactor1Temp,SecondStressorValue,1/1/21
92581,557,PHX365,development time,individual-level duration of life stage,11,days,terrestrial,laboratory,resource supply,food quantity supplied at a constant rate ,1,mg individual-1 day-1,Fort Myers Florida,field,decimal,26.616667,-81.833333,Aedes aegypti,Yellow fever mosquito,Animalia,Arthropoda,Insecta,Diptera,Culicidae,Aedes,aegypti,juvenile (not inc egg stage),22,Celsius,26,Celsius,supplementary material,Huxley et al. 2021. The effect of resource limitation on the temperature-dependance of mosquito fitness. Proc. R. Soc. B. 288: 20203217.,10.1098/rspb.2020.3217,"Da Re, D., Andreo, V., San Miguel, T.V. et al. AedesTraits: A global dataset of temperature–dependent trait responses in Aedes mosquitoes. Sci Data 12, 2033 (2025).",10.1038/s41597-025-06461-z,Paul Huxley,phuxly@gmail.com,Interactor1Temp,SecondStressorValue,1/1/21
92584,557,PHX366,development time,individual-level duration of life stage,11,days,terrestrial,laboratory,resource supply,food quantity supplied at a constant rate ,1,mg individual-1 day-1,Fort Myers Florida,field,decimal,26.616667,-81.833333,Aedes aegypti,Yellow fever mosquito,Animalia,Arthropoda,Insecta,Diptera,Culicidae,Aedes,aegypti,juvenile (not inc egg stage),22,Celsius,26,Celsius,supplementary material,Huxley et al. 2021. The effect of resource limitation on the temperature-dependance of mosquito fitness. Proc. R. Soc. B. 288: 20203217.,10.1098/rspb.2020.3217,"Da Re, D., Andreo, V., San Miguel, T.V. et al. AedesTraits: A global dataset of temperature–dependent trait responses in Aedes mosquitoes. Sci Data 12, 2033 (2025).",10.1038/s41597-025-06461-z,Paul Huxley,phuxly@gmail.com,Interactor1Temp,SecondStressorValue,1/1/21
92586,557,PHX367,development time,individual-level duration of life stage,12,days,terrestrial,laboratory,resource supply,food quantity supplied at a constant rate ,1,mg individual-1 day-1,Fort Myers Florida,field,decimal,26.616667,-81.833333,Aedes aegypti,Yellow fever mosquito,Animalia,Arthropoda,Insecta,Diptera,Culicidae,Aedes,aegypti,juvenile (not inc egg stage),22,Celsius,26,Celsius,supplementary material,Huxley et al. 2021. The effect of resource limitation on the temperature-dependance of mosquito fitness. Proc. R. Soc. B. 288: 20203217.,10.1098/rspb.2020.3217,"Da Re, D., Andreo, V., San Miguel, T.V. et al. AedesTraits: A global dataset of temperature–dependent trait responses in Aedes mosquitoes. Sci Data 12, 2033 (2025).",10.1038/s41597-025-06461-z,Paul Huxley,phuxly@gmail.com,Interactor1Temp,SecondStressorValue,1/1/21
92588,557,PHX368,development time,individual-level duration of life stage,12,days,terrestrial,laboratory,resource supply,food quantity supplied at a constant rate ,1,mg individual-1 day-1,Fort Myers Florida,field,decimal,26.616667,-81.833333,Aedes aegypti,Yellow fever mosquito,Animalia,Arthropoda,Insecta,Diptera,Culicidae,Aedes,aegypti,juvenile (not inc egg stage),22,Celsius,26,Celsius,supplementary material,Huxley et al. 2021. The effect of resource limitation on the temperature-dependance of mosquito fitness. Proc. R. Soc. B. 288: 20203217.,10.1098/rspb.2020.3217,"Da Re, D., Andreo, V., San Miguel, T.V. et al. AedesTraits: A global dataset of temperature–dependent trait responses in Aedes mosquitoes. Sci Data 12, 2033 (2025).",10.1038/s41597-025-06461-z,Paul Huxley,phuxly@gmail.com,Interactor1Temp,SecondStressorValue,1/1/21
92590,557,PHX369,development time,individual-level duration of life stage,12,days,terrestrial,laboratory,resource supply,food quantity supplied at a constant rate ,1,mg individual-1 day-1,Fort Myers Florida,field,decimal,26.616667,-81.833333,Aedes aegypti,Yellow fever mosquito,Animalia,Arthropoda,Insecta,Diptera,Culicidae,Aedes,aegypti,juvenile (not inc egg stage),22,Celsius,26,Celsius,supplementary material,Huxley et al. 2021. The effect of resource limitation on the temperature-dependance of mosquito fitness. Proc. R. Soc. B. 288: 20203217.,10.1098/rspb.2020.3217,"Da Re, D., Andreo, V., San Miguel, T.V. et al. AedesTraits: A global dataset of temperature–dependent trait responses in Aedes mosquitoes. Sci Data 12, 2033 (2025).",10.1038/s41597-025-06461-z,Paul Huxley,phuxly@gmail.com,Interactor1Temp,SecondStressorValue,1/1/21
92592,557,PHX370,development time,individual-level duration of life stage,12,days,terrestrial,laboratory,resource supply,food quantity supplied at a constant rate ,1,mg individual-1 day-1,Fort Myers Florida,field,decimal,26.616667,-81.833333,Aedes aegypti,Yellow fever mosquito,Animalia,Arthropoda,Insecta,Diptera,Culicidae,Aedes,aegypti,juvenile (not inc egg stage),22,Celsius,26,Celsius,supplementary material,Huxley et al. 2021. The effect of resource limitation on the temperature-dependance of mosquito fitness. Proc. R. Soc. B. 288: 20203217.,10.1098/rspb.2020.3217,"Da Re, D., Andreo, V., San Miguel, T.V. et al. AedesTraits: A global dataset of temperature–dependent trait responses in Aedes mosquitoes. Sci Data 12, 2033 (2025).",10.1038/s41597-025-06461-z,Paul Huxley,phuxly@gmail.com,Interactor1Temp,SecondStressorValue,1/1/21
92594,557,PHX371,development time,individual-level duration of life stage,12,days,terrestrial,laboratory,resource supply,food quantity supplied at a constant rate ,1,mg individual-1 day-1,Fort Myers Florida,field,decimal,26.616667,-81.833333,Aedes aegypti,Yellow fever mosquito,Animalia,Arthropoda,Insecta,Diptera,Culicidae,Aedes,aegypti,juvenile (not inc egg stage),22,Celsius,26,Celsius,supplementary material,Huxley et al. 2021. The effect of resource limitation on the temperature-dependance of mosquito fitness. Proc. R. Soc. B. 288: 20203217.,10.1098/rspb.2020.3217,"Da Re, D., Andreo, V., San Miguel, T.V. et al. AedesTraits: A global dataset of temperature–dependent trait responses in Aedes mosquitoes. Sci Data 12, 2033 (2025).",10.1038/s41597-025-06461-z,Paul Huxley,phuxly@gmail.com,Interactor1Temp,SecondStressorValue,1/1/21
92596,557,PHX372,development time,individual-level duration of life stage,13,days,terrestrial,laboratory,resource supply,food quantity supplied at a constant rate ,1,mg individual-1 day-1,Fort Myers Florida,field,decimal,26.616667,-81.833333,Aedes aegypti,Yellow fever mosquito,Animalia,Arthropoda,Insecta,Diptera,Culicidae,Aedes,aegypti,juvenile (not inc egg stage),22,Celsius,26,Celsius,supplementary material,Huxley et al. 2021. The effect of resource limitation on the temperature-dependance of mosquito fitness. Proc. R. Soc. B. 288: 20203217.,10.1098/rspb.2020.3217,"Da Re, D., Andreo, V., San Miguel, T.V. et al. AedesTraits: A global dataset of temperature–dependent trait responses in Aedes mosquitoes. Sci Data 12, 2033 (2025).",10.1038/s41597-025-06461-z,Paul Huxley,phuxly@gmail.com,Interactor1Temp,SecondStressorValue,1/1/21
92598,557,PHX373,development time,individual-level duration of life stage,12,days,terrestrial,laboratory,resource supply,food quantity supplied at a constant rate ,1,mg individual-1 day-1,Fort Myers Florida,field,decimal,26.616667,-81.833333,Aedes aegypti,Yellow fever mosquito,Animalia,Arthropoda,Insecta,Diptera,Culicidae,Aedes,aegypti,juvenile (not inc egg stage),22,Celsius,26,Celsius,supplementary material,Huxley et al. 2021. The effect of resource limitation on the temperature-dependance of mosquito fitness. Proc. R. Soc. B. 288: 20203217.,10.1098/rspb.2020.3217,"Da Re, D., Andreo, V., San Miguel, T.V. et al. AedesTraits: A global dataset of temperature–dependent trait responses in Aedes mosquitoes. Sci Data 12, 2033 (2025).",10.1038/s41597-025-06461-z,Paul Huxley,phuxly@gmail.com,Interactor1Temp,SecondStressorValue,1/1/21
92600,557,PHX374,development time,individual-level duration of life stage,14,days,terrestrial,laboratory,resource supply,food quantity supplied at a constant rate ,1,mg individual-1 day-1,Fort Myers Florida,field,decimal,26.616667,-81.833333,Aedes aegypti,Yellow fever mosquito,Animalia,Arthropoda,Insecta,Diptera,Culicidae,Aedes,aegypti,juvenile (not inc egg stage),22,Celsius,26,Celsius,supplementary material,Huxley et al. 2021. The effect of resource limitation on the temperature-dependance of mosquito fitness. Proc. R. Soc. B. 288: 20203217.,10.1098/rspb.2020.3217,"Da Re, D., Andreo, V., San Miguel, T.V. et al. AedesTraits: A global dataset of temperature–dependent trait responses in Aedes mosquitoes. Sci Data 12, 2033 (2025).",10.1038/s41597-025-06461-z,Paul Huxley,phuxly@gmail.com,Interactor1Temp,SecondStressorValue,1/1/21
92602,557,PHX375,development time,individual-level duration of life stage,16,days,terrestrial,laboratory,resource supply,food quantity supplied at a constant rate ,1,mg individual-1 day-1,Fort Myers Florida,field,decimal,26.616667,-81.833333,Aedes aegypti,Yellow fever mosquito,Animalia,Arthropoda,Insecta,Diptera,Culicidae,Aedes,aegypti,juvenile (not inc egg stage),22,Celsius,26,Celsius,supplementary material,Huxley et al. 2021. The effect of resource limitation on the temperature-dependance of mosquito fitness. Proc. R. Soc. B. 288: 20203217.,10.1098/rspb.2020.3217,"Da Re, D., Andreo, V., San Miguel, T.V. et al. AedesTraits: A global dataset of temperature–dependent trait responses in Aedes mosquitoes. Sci Data 12, 2033 (2025).",10.1038/s41597-025-06461-z,Paul Huxley,phuxly@gmail.com,Interactor1Temp,SecondStressorValue,1/1/21
92604,557,PHX376,development time,individual-level duration of life stage,11,days,terrestrial,laboratory,resource supply,food quantity supplied at a constant rate ,1,mg individual-1 day-1,Fort Myers Florida,field,decimal,26.616667,-81.833333,Aedes aegypti,Yellow fever mosquito,Animalia,Arthropoda,Insecta,Diptera,Culicidae,Aedes,aegypti,juvenile (not inc egg stage),22,Celsius,26,Celsius,supplementary material,Huxley et al. 2021. The effect of resource limitation on the temperature-dependance of mosquito fitness. Proc. R. Soc. B. 288: 20203217.,10.1098/rspb.2020.3217,"Da Re, D., Andreo, V., San Miguel, T.V. et al. AedesTraits: A global dataset of temperature–dependent trait responses in Aedes mosquitoes. Sci Data 12, 2033 (2025).",10.1038/s41597-025-06461-z,Paul Huxley,phuxly@gmail.com,Interactor1Temp,SecondStressorValue,1/1/21
92607,557,PHX377,development time,individual-level duration of life stage,11,days,terrestrial,laboratory,resource supply,food quantity supplied at a constant rate ,1,mg individual-1 day-1,Fort Myers Florida,field,decimal,26.616667,-81.833333,Aedes aegypti,Yellow fever mosquito,Animalia,Arthropoda,Insecta,Diptera,Culicidae,Aedes,aegypti,juvenile (not inc egg stage),22,Celsius,26,Celsius,supplementary material,Huxley et al. 2021. The effect of resource limitation on the temperature-dependance of mosquito fitness. Proc. R. Soc. B. 288: 20203217.,10.1098/rspb.2020.3217,"Da Re, D., Andreo, V., San Miguel, T.V. et al. AedesTraits: A global dataset of temperature–dependent trait responses in Aedes mosquitoes. Sci Data 12, 2033 (2025).",10.1038/s41597-025-06461-z,Paul Huxley,phuxly@gmail.com,Interactor1Temp,SecondStressorValue,1/1/21
92609,557,PHX378,development time,individual-level duration of life stage,12,days,terrestrial,laboratory,resource supply,food quantity supplied at a constant rate ,1,mg individual-1 day-1,Fort Myers Florida,field,decimal,26.616667,-81.833333,Aedes aegypti,Yellow fever mosquito,Animalia,Arthropoda,Insecta,Diptera,Culicidae,Aedes,aegypti,juvenile (not inc egg stage),22,Celsius,26,Celsius,supplementary material,Huxley et al. 2021. The effect of resource limitation on the temperature-dependance of mosquito fitness. Proc. R. Soc. B. 288: 20203217.,10.1098/rspb.2020.3217,"Da Re, D., Andreo, V., San Miguel, T.V. et al. AedesTraits: A global dataset of temperature–dependent trait responses in Aedes mosquitoes. Sci Data 12, 2033 (2025).",10.1038/s41597-025-06461-z,Paul Huxley,phuxly@gmail.com,Interactor1Temp,SecondStressorValue,1/1/21
92612,557,PHX379,development time,individual-level duration of life stage,12,days,terrestrial,laboratory,resource supply,food quantity supplied at a constant rate ,1,mg individual-1 day-1,Fort Myers Florida,field,decimal,26.616667,-81.833333,Aedes aegypti,Yellow fever mosquito,Animalia,Arthropoda,Insecta,Diptera,Culicidae,Aedes,aegypti,juvenile (not inc egg stage),22,Celsius,26,Celsius,supplementary material,Huxley et al. 2021. The effect of resource limitation on the temperature-dependance of mosquito fitness. Proc. R. Soc. B. 288: 20203217.,10.1098/rspb.2020.3217,"Da Re, D., Andreo, V., San Miguel, T.V. et al. AedesTraits: A global dataset of temperature–dependent trait responses in Aedes mosquitoes. Sci Data 12, 2033 (2025).",10.1038/s41597-025-06461-z,Paul Huxley,phuxly@gmail.com,Interactor1Temp,SecondStressorValue,1/1/21
92615,557,PHX380,development time,individual-level duration of life stage,12,days,terrestrial,laboratory,resource supply,food quantity supplied at a constant rate ,1,mg individual-1 day-1,Fort Myers Florida,field,decimal,26.616667,-81.833333,Aedes aegypti,Yellow fever mosquito,Animalia,Arthropoda,Insecta,Diptera,Culicidae,Aedes,aegypti,juvenile (not inc egg stage),22,Celsius,26,Celsius,supplementary material,Huxley et al. 2021. The effect of resource limitation on the temperature-dependance of mosquito fitness. Proc. R. Soc. B. 288: 20203217.,10.1098/rspb.2020.3217,"Da Re, D., Andreo, V., San Miguel, T.V. et al. AedesTraits: A global dataset of temperature–dependent trait responses in Aedes mosquitoes. Sci Data 12, 2033 (2025).",10.1038/s41597-025-06461-z,Paul Huxley,phuxly@gmail.com,Interactor1Temp,SecondStressorValue,1/1/21
92617,557,PHX381,development time,individual-level duration of life stage,12,days,terrestrial,laboratory,resource supply,food quantity supplied at a constant rate ,1,mg individual-1 day-1,Fort Myers Florida,field,decimal,26.616667,-81.833333,Aedes aegypti,Yellow fever mosquito,Animalia,Arthropoda,Insecta,Diptera,Culicidae,Aedes,aegypti,juvenile (not inc egg stage),22,Celsius,26,Celsius,supplementary material,Huxley et al. 2021. The effect of resource limitation on the temperature-dependance of mosquito fitness. Proc. R. Soc. B. 288: 20203217.,10.1098/rspb.2020.3217,"Da Re, D., Andreo, V., San Miguel, T.V. et al. AedesTraits: A global dataset of temperature–dependent trait responses in Aedes mosquitoes. Sci Data 12, 2033 (2025).",10.1038/s41597-025-06461-z,Paul Huxley,phuxly@gmail.com,Interactor1Temp,SecondStressorValue,1/1/21
92619,557,PHX382,development time,individual-level duration of life stage,12,days,terrestrial,laboratory,resource supply,food quantity supplied at a constant rate ,1,mg individual-1 day-1,Fort Myers Florida,field,decimal,26.616667,-81.833333,Aedes aegypti,Yellow fever mosquito,Animalia,Arthropoda,Insecta,Diptera,Culicidae,Aedes,aegypti,juvenile (not inc egg stage),22,Celsius,26,Celsius,supplementary material,Huxley et al. 2021. The effect of resource limitation on the temperature-dependance of mosquito fitness. Proc. R. Soc. B. 288: 20203217.,10.1098/rspb.2020.3217,"Da Re, D., Andreo, V., San Miguel, T.V. et al. AedesTraits: A global dataset of temperature–dependent trait responses in Aedes mosquitoes. Sci Data 12, 2033 (2025).",10.1038/s41597-025-06461-z,Paul Huxley,phuxly@gmail.com,Interactor1Temp,SecondStressorValue,1/1/21
92621,557,PHX383,development time,individual-level duration of life stage,12,days,terrestrial,laboratory,resource supply,food quantity supplied at a constant rate ,1,mg individual-1 day-1,Fort Myers Florida,field,decimal,26.616667,-81.833333,Aedes aegypti,Yellow fever mosquito,Animalia,Arthropoda,Insecta,Diptera,Culicidae,Aedes,aegypti,juvenile (not inc egg stage),22,Celsius,26,Celsius,supplementary material,Huxley et al. 2021. The effect of resource limitation on the temperature-dependance of mosquito fitness. Proc. R. Soc. B. 288: 20203217.,10.1098/rspb.2020.3217,"Da Re, D., Andreo, V., San Miguel, T.V. et al. AedesTraits: A global dataset of temperature–dependent trait responses in Aedes mosquitoes. Sci Data 12, 2033 (2025).",10.1038/s41597-025-06461-z,Paul Huxley,phuxly@gmail.com,Interactor1Temp,SecondStressorValue,1/1/21
92623,557,PHX384,development time,individual-level duration of life stage,12,days,terrestrial,laboratory,resource supply,food quantity supplied at a constant rate ,1,mg individual-1 day-1,Fort Myers Florida,field,decimal,26.616667,-81.833333,Aedes aegypti,Yellow fever mosquito,Animalia,Arthropoda,Insecta,Diptera,Culicidae,Aedes,aegypti,juvenile (not inc egg stage),22,Celsius,26,Celsius,supplementary material,Huxley et al. 2021. The effect of resource limitation on the temperature-dependance of mosquito fitness. Proc. R. Soc. B. 288: 20203217.,10.1098/rspb.2020.3217,"Da Re, D., Andreo, V., San Miguel, T.V. et al. AedesTraits: A global dataset of temperature–dependent trait responses in Aedes mosquitoes. Sci Data 12, 2033 (2025).",10.1038/s41597-025-06461-z,Paul Huxley,phuxly@gmail.com,Interactor1Temp,SecondStressorValue,1/1/21
92625,557,PHX385,development time,individual-level duration of life stage,12,days,terrestrial,laboratory,resource supply,food quantity supplied at a constant rate ,1,mg individual-1 day-1,Fort Myers Florida,field,decimal,26.616667,-81.833333,Aedes aegypti,Yellow fever mosquito,Animalia,Arthropoda,Insecta,Diptera,Culicidae,Aedes,aegypti,juvenile (not inc egg stage),22,Celsius,26,Celsius,supplementary material,Huxley et al. 2021. The effect of resource limitation on the temperature-dependance of mosquito fitness. Proc. R. Soc. B. 288: 20203217.,10.1098/rspb.2020.3217,"Da Re, D., Andreo, V., San Miguel, T.V. et al. AedesTraits: A global dataset of temperature–dependent trait responses in Aedes mosquitoes. Sci Data 12, 2033 (2025).",10.1038/s41597-025-06461-z,Paul Huxley,phuxly@gmail.com,Interactor1Temp,SecondStressorValue,1/1/21
92627,557,PHX386,development time,individual-level duration of life stage,13,days,terrestrial,laboratory,resource supply,food quantity supplied at a constant rate ,1,mg individual-1 day-1,Fort Myers Florida,field,decimal,26.616667,-81.833333,Aedes aegypti,Yellow fever mosquito,Animalia,Arthropoda,Insecta,Diptera,Culicidae,Aedes,aegypti,juvenile (not inc egg stage),22,Celsius,26,Celsius,supplementary material,Huxley et al. 2021. The effect of resource limitation on the temperature-dependance of mosquito fitness. Proc. R. Soc. B. 288: 20203217.,10.1098/rspb.2020.3217,"Da Re, D., Andreo, V., San Miguel, T.V. et al. AedesTraits: A global dataset of temperature–dependent trait responses in Aedes mosquitoes. Sci Data 12, 2033 (2025).",10.1038/s41597-025-06461-z,Paul Huxley,phuxly@gmail.com,Interactor1Temp,SecondStressorValue,1/1/21
92629,557,PHX387,development time,individual-level duration of life stage,21,days,terrestrial,laboratory,resource supply,food quantity supplied at a constant rate ,0.1,mg individual-1 day-1,Fort Myers Florida,field,decimal,26.616667,-81.833333,Aedes aegypti,Yellow fever mosquito,Animalia,Arthropoda,Insecta,Diptera,Culicidae,Aedes,aegypti,juvenile (not inc egg stage),26,Celsius,26,Celsius,supplementary material,Huxley et al. 2021. The effect of resource limitation on the temperature-dependance of mosquito fitness. Proc. R. Soc. B. 288: 20203217.,10.1098/rspb.2020.3217,"Da Re, D., Andreo, V., San Miguel, T.V. et al. AedesTraits: A global dataset of temperature–dependent trait responses in Aedes mosquitoes. Sci Data 12, 2033 (2025).",10.1038/s41597-025-06461-z,Paul Huxley,phuxly@gmail.com,Interactor1Temp,SecondStressorValue,1/1/21
92632,557,PHX388,development time,individual-level duration of life stage,23,days,terrestrial,laboratory,resource supply,food quantity supplied at a constant rate ,0.1,mg individual-1 day-1,Fort Myers Florida,field,decimal,26.616667,-81.833333,Aedes aegypti,Yellow fever mosquito,Animalia,Arthropoda,Insecta,Diptera,Culicidae,Aedes,aegypti,juvenile (not inc egg stage),26,Celsius,26,Celsius,supplementary material,Huxley et al. 2021. The effect of resource limitation on the temperature-dependance of mosquito fitness. Proc. R. Soc. B. 288: 20203217.,10.1098/rspb.2020.3217,"Da Re, D., Andreo, V., San Miguel, T.V. et al. AedesTraits: A global dataset of temperature–dependent trait responses in Aedes mosquitoes. Sci Data 12, 2033 (2025).",10.1038/s41597-025-06461-z,Paul Huxley,phuxly@gmail.com,Interactor1Temp,SecondStressorValue,1/1/21
92634,557,PHX389,development time,individual-level duration of life stage,28,days,terrestrial,laboratory,resource supply,food quantity supplied at a constant rate ,0.1,mg individual-1 day-1,Fort Myers Florida,field,decimal,26.616667,-81.833333,Aedes aegypti,Yellow fever mosquito,Animalia,Arthropoda,Insecta,Diptera,Culicidae,Aedes,aegypti,juvenile (not inc egg stage),26,Celsius,26,Celsius,supplementary material,Huxley et al. 2021. The effect of resource limitation on the temperature-dependance of mosquito fitness. Proc. R. Soc. B. 288: 20203217.,10.1098/rspb.2020.3217,"Da Re, D., Andreo, V., San Miguel, T.V. et al. AedesTraits: A global dataset of temperature–dependent trait responses in Aedes mosquitoes. Sci Data 12, 2033 (2025).",10.1038/s41597-025-06461-z,Paul Huxley,phuxly@gmail.com,Interactor1Temp,SecondStressorValue,1/1/21
92636,557,PHX390,development time,individual-level duration of life stage,8,days,terrestrial,laboratory,resource supply,food quantity supplied at a constant rate ,1,mg individual-1 day-1,Fort Myers Florida,field,decimal,26.616667,-81.833333,Aedes aegypti,Yellow fever mosquito,Animalia,Arthropoda,Insecta,Diptera,Culicidae,Aedes,aegypti,juvenile (not inc egg stage),26,Celsius,26,Celsius,supplementary material,Huxley et al. 2021. The effect of resource limitation on the temperature-dependance of mosquito fitness. Proc. R. Soc. B. 288: 20203217.,10.1098/rspb.2020.3217,"Da Re, D., Andreo, V., San Miguel, T.V. et al. AedesTraits: A global dataset of temperature–dependent trait responses in Aedes mosquitoes. Sci Data 12, 2033 (2025).",10.1038/s41597-025-06461-z,Paul Huxley,phuxly@gmail.com,Interactor1Temp,SecondStressorValue,1/1/21
92638,557,PHX391,development time,individual-level duration of life stage,29,days,terrestrial,laboratory,resource supply,food quantity supplied at a constant rate ,0.1,mg individual-1 day-1,Fort Myers Florida,field,decimal,26.616667,-81.833333,Aedes aegypti,Yellow fever mosquito,Animalia,Arthropoda,Insecta,Diptera,Culicidae,Aedes,aegypti,juvenile (not inc egg stage),26,Celsius,26,Celsius,supplementary material,Huxley et al. 2021. The effect of resource limitation on the temperature-dependance of mosquito fitness. Proc. R. Soc. B. 288: 20203217.,10.1098/rspb.2020.3217,"Da Re, D., Andreo, V., San Miguel, T.V. et al. AedesTraits: A global dataset of temperature–dependent trait responses in Aedes mosquitoes. Sci Data 12, 2033 (2025).",10.1038/s41597-025-06461-z,Paul Huxley,phuxly@gmail.com,Interactor1Temp,SecondStressorValue,1/1/21
92640,557,PHX392,development time,individual-level duration of life stage,30,days,terrestrial,laboratory,resource supply,food quantity supplied at a constant rate ,0.1,mg individual-1 day-1,Fort Myers Florida,field,decimal,26.616667,-81.833333,Aedes aegypti,Yellow fever mosquito,Animalia,Arthropoda,Insecta,Diptera,Culicidae,Aedes,aegypti,juvenile (not inc egg stage),26,Celsius,26,Celsius,supplementary material,Huxley et al. 2021. The effect of resource limitation on the temperature-dependance of mosquito fitness. Proc. R. Soc. B. 288: 20203217.,10.1098/rspb.2020.3217,"Da Re, D., Andreo, V., San Miguel, T.V. et al. AedesTraits: A global dataset of temperature–dependent trait responses in Aedes mosquitoes. Sci Data 12, 2033 (2025).",10.1038/s41597-025-06461-z,Paul Huxley,phuxly@gmail.com,Interactor1Temp,SecondStressorValue,1/1/21
92642,557,PHX393,development time,individual-level duration of life stage,33,days,terrestrial,laboratory,resource supply,food quantity supplied at a constant rate ,0.1,mg individual-1 day-1,Fort Myers Florida,field,decimal,26.616667,-81.833333,Aedes aegypti,Yellow fever mosquito,Animalia,Arthropoda,Insecta,Diptera,Culicidae,Aedes,aegypti,juvenile (not inc egg stage),26,Celsius,26,Celsius,supplementary material,Huxley et al. 2021. The effect of resource limitation on the temperature-dependance of mosquito fitness. Proc. R. Soc. B. 288: 20203217.,10.1098/rspb.2020.3217,"Da Re, D., Andreo, V., San Miguel, T.V. et al. AedesTraits: A global dataset of temperature–dependent trait responses in Aedes mosquitoes. Sci Data 12, 2033 (2025).",10.1038/s41597-025-06461-z,Paul Huxley,phuxly@gmail.com,Interactor1Temp,SecondStressorValue,1/1/21
92644,557,PHX394,development time,individual-level duration of life stage,35,days,terrestrial,laboratory,resource supply,food quantity supplied at a constant rate ,0.1,mg individual-1 day-1,Fort Myers Florida,field,decimal,26.616667,-81.833333,Aedes aegypti,Yellow fever mosquito,Animalia,Arthropoda,Insecta,Diptera,Culicidae,Aedes,aegypti,juvenile (not inc egg stage),26,Celsius,26,Celsius,supplementary material,Huxley et al. 2021. The effect of resource limitation on the temperature-dependance of mosquito fitness. Proc. R. Soc. B. 288: 20203217.,10.1098/rspb.2020.3217,"Da Re, D., Andreo, V., San Miguel, T.V. et al. AedesTraits: A global dataset of temperature–dependent trait responses in Aedes mosquitoes. Sci Data 12, 2033 (2025).",10.1038/s41597-025-06461-z,Paul Huxley,phuxly@gmail.com,Interactor1Temp,SecondStressorValue,1/1/21
92646,557,PHX395,development time,individual-level duration of life stage,33,days,terrestrial,laboratory,resource supply,food quantity supplied at a constant rate ,0.1,mg individual-1 day-1,Fort Myers Florida,field,decimal,26.616667,-81.833333,Aedes aegypti,Yellow fever mosquito,Animalia,Arthropoda,Insecta,Diptera,Culicidae,Aedes,aegypti,juvenile (not inc egg stage),26,Celsius,26,Celsius,supplementary material,Huxley et al. 2021. The effect of resource limitation on the temperature-dependance of mosquito fitness. Proc. R. Soc. B. 288: 20203217.,10.1098/rspb.2020.3217,"Da Re, D., Andreo, V., San Miguel, T.V. et al. AedesTraits: A global dataset of temperature–dependent trait responses in Aedes mosquitoes. Sci Data 12, 2033 (2025).",10.1038/s41597-025-06461-z,Paul Huxley,phuxly@gmail.com,Interactor1Temp,SecondStressorValue,1/1/21
92648,557,PHX396,development time,individual-level duration of life stage,28,days,terrestrial,laboratory,resource supply,food quantity supplied at a constant rate ,0.1,mg individual-1 day-1,Fort Myers Florida,field,decimal,26.616667,-81.833333,Aedes aegypti,Yellow fever mosquito,Animalia,Arthropoda,Insecta,Diptera,Culicidae,Aedes,aegypti,juvenile (not inc egg stage),26,Celsius,26,Celsius,supplementary material,Huxley et al. 2021. The effect of resource limitation on the temperature-dependance of mosquito fitness. Proc. R. Soc. B. 288: 20203217.,10.1098/rspb.2020.3217,"Da Re, D., Andreo, V., San Miguel, T.V. et al. AedesTraits: A global dataset of temperature–dependent trait responses in Aedes mosquitoes. Sci Data 12, 2033 (2025).",10.1038/s41597-025-06461-z,Paul Huxley,phuxly@gmail.com,Interactor1Temp,SecondStressorValue,1/1/21
92651,557,PHX397,development time,individual-level duration of life stage,33,days,terrestrial,laboratory,resource supply,food quantity supplied at a constant rate ,0.1,mg individual-1 day-1,Fort Myers Florida,field,decimal,26.616667,-81.833333,Aedes aegypti,Yellow fever mosquito,Animalia,Arthropoda,Insecta,Diptera,Culicidae,Aedes,aegypti,juvenile (not inc egg stage),26,Celsius,26,Celsius,supplementary material,Huxley et al. 2021. The effect of resource limitation on the temperature-dependance of mosquito fitness. Proc. R. Soc. B. 288: 20203217.,10.1098/rspb.2020.3217,"Da Re, D., Andreo, V., San Miguel, T.V. et al. AedesTraits: A global dataset of temperature–dependent trait responses in Aedes mosquitoes. Sci Data 12, 2033 (2025).",10.1038/s41597-025-06461-z,Paul Huxley,phuxly@gmail.com,Interactor1Temp,SecondStressorValue,1/1/21
92653,557,PHX398,development time,individual-level duration of life stage,21,days,terrestrial,laboratory,resource supply,food quantity supplied at a constant rate ,0.1,mg individual-1 day-1,Fort Myers Florida,field,decimal,26.616667,-81.833333,Aedes aegypti,Yellow fever mosquito,Animalia,Arthropoda,Insecta,Diptera,Culicidae,Aedes,aegypti,juvenile (not inc egg stage),26,Celsius,26,Celsius,supplementary material,Huxley et al. 2021. The effect of resource limitation on the temperature-dependance of mosquito fitness. Proc. R. Soc. B. 288: 20203217.,10.1098/rspb.2020.3217,"Da Re, D., Andreo, V., San Miguel, T.V. et al. AedesTraits: A global dataset of temperature–dependent trait responses in Aedes mosquitoes. Sci Data 12, 2033 (2025).",10.1038/s41597-025-06461-z,Paul Huxley,phuxly@gmail.com,Interactor1Temp,SecondStressorValue,1/1/21
92655,557,PHX399,development time,individual-level duration of life stage,25,days,terrestrial,laboratory,resource supply,food quantity supplied at a constant rate ,0.1,mg individual-1 day-1,Fort Myers Florida,field,decimal,26.616667,-81.833333,Aedes aegypti,Yellow fever mosquito,Animalia,Arthropoda,Insecta,Diptera,Culicidae,Aedes,aegypti,juvenile (not inc egg stage),26,Celsius,26,Celsius,supplementary material,Huxley et al. 2021. The effect of resource limitation on the temperature-dependance of mosquito fitness. Proc. R. Soc. B. 288: 20203217.,10.1098/rspb.2020.3217,"Da Re, D., Andreo, V., San Miguel, T.V. et al. AedesTraits: A global dataset of temperature–dependent trait responses in Aedes mosquitoes. Sci Data 12, 2033 (2025).",10.1038/s41597-025-06461-z,Paul Huxley,phuxly@gmail.com,Interactor1Temp,SecondStressorValue,1/1/21
92657,557,PHX400,development time,individual-level duration of life stage,27,days,terrestrial,laboratory,resource supply,food quantity supplied at a constant rate ,0.1,mg individual-1 day-1,Fort Myers Florida,field,decimal,26.616667,-81.833333,Aedes aegypti,Yellow fever mosquito,Animalia,Arthropoda,Insecta,Diptera,Culicidae,Aedes,aegypti,juvenile (not inc egg stage),26,Celsius,26,Celsius,supplementary material,Huxley et al. 2021. The effect of resource limitation on the temperature-dependance of mosquito fitness. Proc. R. Soc. B. 288: 20203217.,10.1098/rspb.2020.3217,"Da Re, D., Andreo, V., San Miguel, T.V. et al. AedesTraits: A global dataset of temperature–dependent trait responses in Aedes mosquitoes. Sci Data 12, 2033 (2025).",10.1038/s41597-025-06461-z,Paul Huxley,phuxly@gmail.com,Interactor1Temp,SecondStressorValue,1/1/21
92659,557,PHX401,development time,individual-level duration of life stage,28,days,terrestrial,laboratory,resource supply,food quantity supplied at a constant rate ,0.1,mg individual-1 day-1,Fort Myers Florida,field,decimal,26.616667,-81.833333,Aedes aegypti,Yellow fever mosquito,Animalia,Arthropoda,Insecta,Diptera,Culicidae,Aedes,aegypti,juvenile (not inc egg stage),26,Celsius,26,Celsius,supplementary material,Huxley et al. 2021. The effect of resource limitation on the temperature-dependance of mosquito fitness. Proc. R. Soc. B. 288: 20203217.,10.1098/rspb.2020.3217,"Da Re, D., Andreo, V., San Miguel, T.V. et al. AedesTraits: A global dataset of temperature–dependent trait responses in Aedes mosquitoes. Sci Data 12, 2033 (2025).",10.1038/s41597-025-06461-z,Paul Huxley,phuxly@gmail.com,Interactor1Temp,SecondStressorValue,1/1/21
92661,557,PHX402,development time,individual-level duration of life stage,30,days,terrestrial,laboratory,resource supply,food quantity supplied at a constant rate ,0.1,mg individual-1 day-1,Fort Myers Florida,field,decimal,26.616667,-81.833333,Aedes aegypti,Yellow fever mosquito,Animalia,Arthropoda,Insecta,Diptera,Culicidae,Aedes,aegypti,juvenile (not inc egg stage),26,Celsius,26,Celsius,supplementary material,Huxley et al. 2021. The effect of resource limitation on the temperature-dependance of mosquito fitness. Proc. R. Soc. B. 288: 20203217.,10.1098/rspb.2020.3217,"Da Re, D., Andreo, V., San Miguel, T.V. et al. AedesTraits: A global dataset of temperature–dependent trait responses in Aedes mosquitoes. Sci Data 12, 2033 (2025).",10.1038/s41597-025-06461-z,Paul Huxley,phuxly@gmail.com,Interactor1Temp,SecondStressorValue,1/1/21
92663,557,PHX403,development time,individual-level duration of life stage,29,days,terrestrial,laboratory,resource supply,food quantity supplied at a constant rate ,0.1,mg individual-1 day-1,Fort Myers Florida,field,decimal,26.616667,-81.833333,Aedes aegypti,Yellow fever mosquito,Animalia,Arthropoda,Insecta,Diptera,Culicidae,Aedes,aegypti,juvenile (not inc egg stage),26,Celsius,26,Celsius,supplementary material,Huxley et al. 2021. The effect of resource limitation on the temperature-dependance of mosquito fitness. Proc. R. Soc. B. 288: 20203217.,10.1098/rspb.2020.3217,"Da Re, D., Andreo, V., San Miguel, T.V. et al. AedesTraits: A global dataset of temperature–dependent trait responses in Aedes mosquitoes. Sci Data 12, 2033 (2025).",10.1038/s41597-025-06461-z,Paul Huxley,phuxly@gmail.com,Interactor1Temp,SecondStressorValue,1/1/21
92665,557,PHX404,development time,individual-level duration of life stage,29,days,terrestrial,laboratory,resource supply,food quantity supplied at a constant rate ,0.1,mg individual-1 day-1,Fort Myers Florida,field,decimal,26.616667,-81.833333,Aedes aegypti,Yellow fever mosquito,Animalia,Arthropoda,Insecta,Diptera,Culicidae,Aedes,aegypti,juvenile (not inc egg stage),26,Celsius,26,Celsius,supplementary material,Huxley et al. 2021. The effect of resource limitation on the temperature-dependance of mosquito fitness. Proc. R. Soc. B. 288: 20203217.,10.1098/rspb.2020.3217,"Da Re, D., Andreo, V., San Miguel, T.V. et al. AedesTraits: A global dataset of temperature–dependent trait responses in Aedes mosquitoes. Sci Data 12, 2033 (2025).",10.1038/s41597-025-06461-z,Paul Huxley,phuxly@gmail.com,Interactor1Temp,SecondStressorValue,1/1/21
92668,557,PHX405,development time,individual-level duration of life stage,30,days,terrestrial,laboratory,resource supply,food quantity supplied at a constant rate ,0.1,mg individual-1 day-1,Fort Myers Florida,field,decimal,26.616667,-81.833333,Aedes aegypti,Yellow fever mosquito,Animalia,Arthropoda,Insecta,Diptera,Culicidae,Aedes,aegypti,juvenile (not inc egg stage),26,Celsius,26,Celsius,supplementary material,Huxley et al. 2021. The effect of resource limitation on the temperature-dependance of mosquito fitness. Proc. R. Soc. B. 288: 20203217.,10.1098/rspb.2020.3217,"Da Re, D., Andreo, V., San Miguel, T.V. et al. AedesTraits: A global dataset of temperature–dependent trait responses in Aedes mosquitoes. Sci Data 12, 2033 (2025).",10.1038/s41597-025-06461-z,Paul Huxley,phuxly@gmail.com,Interactor1Temp,SecondStressorValue,1/1/21
92670,557,PHX406,development time,individual-level duration of life stage,27,days,terrestrial,laboratory,resource supply,food quantity supplied at a constant rate ,0.1,mg individual-1 day-1,Fort Myers Florida,field,decimal,26.616667,-81.833333,Aedes aegypti,Yellow fever mosquito,Animalia,Arthropoda,Insecta,Diptera,Culicidae,Aedes,aegypti,juvenile (not inc egg stage),26,Celsius,26,Celsius,supplementary material,Huxley et al. 2021. The effect of resource limitation on the temperature-dependance of mosquito fitness. Proc. R. Soc. B. 288: 20203217.,10.1098/rspb.2020.3217,"Da Re, D., Andreo, V., San Miguel, T.V. et al. AedesTraits: A global dataset of temperature–dependent trait responses in Aedes mosquitoes. Sci Data 12, 2033 (2025).",10.1038/s41597-025-06461-z,Paul Huxley,phuxly@gmail.com,Interactor1Temp,SecondStressorValue,1/1/21
92672,557,PHX407,development time,individual-level duration of life stage,22,days,terrestrial,laboratory,resource supply,food quantity supplied at a constant rate ,0.1,mg individual-1 day-1,Fort Myers Florida,field,decimal,26.616667,-81.833333,Aedes aegypti,Yellow fever mosquito,Animalia,Arthropoda,Insecta,Diptera,Culicidae,Aedes,aegypti,juvenile (not inc egg stage),26,Celsius,26,Celsius,supplementary material,Huxley et al. 2021. The effect of resource limitation on the temperature-dependance of mosquito fitness. Proc. R. Soc. B. 288: 20203217.,10.1098/rspb.2020.3217,"Da Re, D., Andreo, V., San Miguel, T.V. et al. AedesTraits: A global dataset of temperature–dependent trait responses in Aedes mosquitoes. Sci Data 12, 2033 (2025).",10.1038/s41597-025-06461-z,Paul Huxley,phuxly@gmail.com,Interactor1Temp,SecondStressorValue,1/1/21
92674,557,PHX408,development time,individual-level duration of life stage,23,days,terrestrial,laboratory,resource supply,food quantity supplied at a constant rate ,0.1,mg individual-1 day-1,Fort Myers Florida,field,decimal,26.616667,-81.833333,Aedes aegypti,Yellow fever mosquito,Animalia,Arthropoda,Insecta,Diptera,Culicidae,Aedes,aegypti,juvenile (not inc egg stage),26,Celsius,26,Celsius,supplementary material,Huxley et al. 2021. The effect of resource limitation on the temperature-dependance of mosquito fitness. Proc. R. Soc. B. 288: 20203217.,10.1098/rspb.2020.3217,"Da Re, D., Andreo, V., San Miguel, T.V. et al. AedesTraits: A global dataset of temperature–dependent trait responses in Aedes mosquitoes. Sci Data 12, 2033 (2025).",10.1038/s41597-025-06461-z,Paul Huxley,phuxly@gmail.com,Interactor1Temp,SecondStressorValue,1/1/21
92676,557,PHX409,development time,individual-level duration of life stage,27,days,terrestrial,laboratory,resource supply,food quantity supplied at a constant rate ,0.1,mg individual-1 day-1,Fort Myers Florida,field,decimal,26.616667,-81.833333,Aedes aegypti,Yellow fever mosquito,Animalia,Arthropoda,Insecta,Diptera,Culicidae,Aedes,aegypti,juvenile (not inc egg stage),26,Celsius,26,Celsius,supplementary material,Huxley et al. 2021. The effect of resource limitation on the temperature-dependance of mosquito fitness. Proc. R. Soc. B. 288: 20203217.,10.1098/rspb.2020.3217,"Da Re, D., Andreo, V., San Miguel, T.V. et al. AedesTraits: A global dataset of temperature–dependent trait responses in Aedes mosquitoes. Sci Data 12, 2033 (2025).",10.1038/s41597-025-06461-z,Paul Huxley,phuxly@gmail.com,Interactor1Temp,SecondStressorValue,1/1/21
92678,557,PHX410,development time,individual-level duration of life stage,28,days,terrestrial,laboratory,resource supply,food quantity supplied at a constant rate ,0.1,mg individual-1 day-1,Fort Myers Florida,field,decimal,26.616667,-81.833333,Aedes aegypti,Yellow fever mosquito,Animalia,Arthropoda,Insecta,Diptera,Culicidae,Aedes,aegypti,juvenile (not inc egg stage),26,Celsius,26,Celsius,supplementary material,Huxley et al. 2021. The effect of resource limitation on the temperature-dependance of mosquito fitness. Proc. R. Soc. B. 288: 20203217.,10.1098/rspb.2020.3217,"Da Re, D., Andreo, V., San Miguel, T.V. et al. AedesTraits: A global dataset of temperature–dependent trait responses in Aedes mosquitoes. Sci Data 12, 2033 (2025).",10.1038/s41597-025-06461-z,Paul Huxley,phuxly@gmail.com,Interactor1Temp,SecondStressorValue,1/1/21
92680,557,PHX411,development time,individual-level duration of life stage,29,days,terrestrial,laboratory,resource supply,food quantity supplied at a constant rate ,0.1,mg individual-1 day-1,Fort Myers Florida,field,decimal,26.616667,-81.833333,Aedes aegypti,Yellow fever mosquito,Animalia,Arthropoda,Insecta,Diptera,Culicidae,Aedes,aegypti,juvenile (not inc egg stage),26,Celsius,26,Celsius,supplementary material,Huxley et al. 2021. The effect of resource limitation on the temperature-dependance of mosquito fitness. Proc. R. Soc. B. 288: 20203217.,10.1098/rspb.2020.3217,"Da Re, D., Andreo, V., San Miguel, T.V. et al. AedesTraits: A global dataset of temperature–dependent trait responses in Aedes mosquitoes. Sci Data 12, 2033 (2025).",10.1038/s41597-025-06461-z,Paul Huxley,phuxly@gmail.com,Interactor1Temp,SecondStressorValue,1/1/21
92683,557,PHX412,development time,individual-level duration of life stage,34,days,terrestrial,laboratory,resource supply,food quantity supplied at a constant rate ,0.1,mg individual-1 day-1,Fort Myers Florida,field,decimal,26.616667,-81.833333,Aedes aegypti,Yellow fever mosquito,Animalia,Arthropoda,Insecta,Diptera,Culicidae,Aedes,aegypti,juvenile (not inc egg stage),26,Celsius,26,Celsius,supplementary material,Huxley et al. 2021. The effect of resource limitation on the temperature-dependance of mosquito fitness. Proc. R. Soc. B. 288: 20203217.,10.1098/rspb.2020.3217,"Da Re, D., Andreo, V., San Miguel, T.V. et al. AedesTraits: A global dataset of temperature–dependent trait responses in Aedes mosquitoes. Sci Data 12, 2033 (2025).",10.1038/s41597-025-06461-z,Paul Huxley,phuxly@gmail.com,Interactor1Temp,SecondStressorValue,1/1/21
92685,557,PHX413,development time,individual-level duration of life stage,8,days,terrestrial,laboratory,resource supply,food quantity supplied at a constant rate ,1,mg individual-1 day-1,Fort Myers Florida,field,decimal,26.616667,-81.833333,Aedes aegypti,Yellow fever mosquito,Animalia,Arthropoda,Insecta,Diptera,Culicidae,Aedes,aegypti,juvenile (not inc egg stage),26,Celsius,26,Celsius,supplementary material,Huxley et al. 2021. The effect of resource limitation on the temperature-dependance of mosquito fitness. Proc. R. Soc. B. 288: 20203217.,10.1098/rspb.2020.3217,"Da Re, D., Andreo, V., San Miguel, T.V. et al. AedesTraits: A global dataset of temperature–dependent trait responses in Aedes mosquitoes. Sci Data 12, 2033 (2025).",10.1038/s41597-025-06461-z,Paul Huxley,phuxly@gmail.com,Interactor1Temp,SecondStressorValue,1/1/21
92687,557,PHX414,development time,individual-level duration of life stage,8,days,terrestrial,laboratory,resource supply,food quantity supplied at a constant rate ,1,mg individual-1 day-1,Fort Myers Florida,field,decimal,26.616667,-81.833333,Aedes aegypti,Yellow fever mosquito,Animalia,Arthropoda,Insecta,Diptera,Culicidae,Aedes,aegypti,juvenile (not inc egg stage),26,Celsius,26,Celsius,supplementary material,Huxley et al. 2021. The effect of resource limitation on the temperature-dependance of mosquito fitness. Proc. R. Soc. B. 288: 20203217.,10.1098/rspb.2020.3217,"Da Re, D., Andreo, V., San Miguel, T.V. et al. AedesTraits: A global dataset of temperature–dependent trait responses in Aedes mosquitoes. Sci Data 12, 2033 (2025).",10.1038/s41597-025-06461-z,Paul Huxley,phuxly@gmail.com,Interactor1Temp,SecondStressorValue,1/1/21
92689,557,PHX415,development time,individual-level duration of life stage,9,days,terrestrial,laboratory,resource supply,food quantity supplied at a constant rate ,1,mg individual-1 day-1,Fort Myers Florida,field,decimal,26.616667,-81.833333,Aedes aegypti,Yellow fever mosquito,Animalia,Arthropoda,Insecta,Diptera,Culicidae,Aedes,aegypti,juvenile (not inc egg stage),26,Celsius,26,Celsius,supplementary material,Huxley et al. 2021. The effect of resource limitation on the temperature-dependance of mosquito fitness. Proc. R. Soc. B. 288: 20203217.,10.1098/rspb.2020.3217,"Da Re, D., Andreo, V., San Miguel, T.V. et al. AedesTraits: A global dataset of temperature–dependent trait responses in Aedes mosquitoes. Sci Data 12, 2033 (2025).",10.1038/s41597-025-06461-z,Paul Huxley,phuxly@gmail.com,Interactor1Temp,SecondStressorValue,1/1/21
92691,557,PHX416,development time,individual-level duration of life stage,12,days,terrestrial,laboratory,resource supply,food quantity supplied at a constant rate ,1,mg individual-1 day-1,Fort Myers Florida,field,decimal,26.616667,-81.833333,Aedes aegypti,Yellow fever mosquito,Animalia,Arthropoda,Insecta,Diptera,Culicidae,Aedes,aegypti,juvenile (not inc egg stage),22,Celsius,26,Celsius,supplementary material,Huxley et al. 2021. The effect of resource limitation on the temperature-dependance of mosquito fitness. Proc. R. Soc. B. 288: 20203217.,10.1098/rspb.2020.3217,"Da Re, D., Andreo, V., San Miguel, T.V. et al. AedesTraits: A global dataset of temperature–dependent trait responses in Aedes mosquitoes. Sci Data 12, 2033 (2025).",10.1038/s41597-025-06461-z,Paul Huxley,phuxly@gmail.com,Interactor1Temp,SecondStressorValue,1/1/21
92693,557,PHX417,development time,individual-level duration of life stage,12,days,terrestrial,laboratory,resource supply,food quantity supplied at a constant rate ,1,mg individual-1 day-1,Fort Myers Florida,field,decimal,26.616667,-81.833333,Aedes aegypti,Yellow fever mosquito,Animalia,Arthropoda,Insecta,Diptera,Culicidae,Aedes,aegypti,juvenile (not inc egg stage),22,Celsius,26,Celsius,supplementary material,Huxley et al. 2021. The effect of resource limitation on the temperature-dependance of mosquito fitness. Proc. R. Soc. B. 288: 20203217.,10.1098/rspb.2020.3217,"Da Re, D., Andreo, V., San Miguel, T.V. et al. AedesTraits: A global dataset of temperature–dependent trait responses in Aedes mosquitoes. Sci Data 12, 2033 (2025).",10.1038/s41597-025-06461-z,Paul Huxley,phuxly@gmail.com,Interactor1Temp,SecondStressorValue,1/1/21
92695,557,PHX418,development time,individual-level duration of life stage,8,days,terrestrial,laboratory,resource supply,food quantity supplied at a constant rate ,1,mg individual-1 day-1,Fort Myers Florida,field,decimal,26.616667,-81.833333,Aedes aegypti,Yellow fever mosquito,Animalia,Arthropoda,Insecta,Diptera,Culicidae,Aedes,aegypti,juvenile (not inc egg stage),26,Celsius,26,Celsius,supplementary material,Huxley et al. 2021. The effect of resource limitation on the temperature-dependance of mosquito fitness. Proc. R. Soc. B. 288: 20203217.,10.1098/rspb.2020.3217,"Da Re, D., Andreo, V., San Miguel, T.V. et al. AedesTraits: A global dataset of temperature–dependent trait responses in Aedes mosquitoes. Sci Data 12, 2033 (2025).",10.1038/s41597-025-06461-z,Paul Huxley,phuxly@gmail.com,Interactor1Temp,SecondStressorValue,1/1/21
92698,557,PHX419,development time,individual-level duration of life stage,8,days,terrestrial,laboratory,resource supply,food quantity supplied at a constant rate ,1,mg individual-1 day-1,Fort Myers Florida,field,decimal,26.616667,-81.833333,Aedes aegypti,Yellow fever mosquito,Animalia,Arthropoda,Insecta,Diptera,Culicidae,Aedes,aegypti,juvenile (not inc egg stage),26,Celsius,26,Celsius,supplementary material,Huxley et al. 2021. The effect of resource limitation on the temperature-dependance of mosquito fitness. Proc. R. Soc. B. 288: 20203217.,10.1098/rspb.2020.3217,"Da Re, D., Andreo, V., San Miguel, T.V. et al. AedesTraits: A global dataset of temperature–dependent trait responses in Aedes mosquitoes. Sci Data 12, 2033 (2025).",10.1038/s41597-025-06461-z,Paul Huxley,phuxly@gmail.com,Interactor1Temp,SecondStressorValue,1/1/21
92700,557,PHX420,development time,individual-level duration of life stage,8,days,terrestrial,laboratory,resource supply,food quantity supplied at a constant rate ,1,mg individual-1 day-1,Fort Myers Florida,field,decimal,26.616667,-81.833333,Aedes aegypti,Yellow fever mosquito,Animalia,Arthropoda,Insecta,Diptera,Culicidae,Aedes,aegypti,juvenile (not inc egg stage),26,Celsius,26,Celsius,supplementary material,Huxley et al. 2021. The effect of resource limitation on the temperature-dependance of mosquito fitness. Proc. R. Soc. B. 288: 20203217.,10.1098/rspb.2020.3217,"Da Re, D., Andreo, V., San Miguel, T.V. et al. AedesTraits: A global dataset of temperature–dependent trait responses in Aedes mosquitoes. Sci Data 12, 2033 (2025).",10.1038/s41597-025-06461-z,Paul Huxley,phuxly@gmail.com,Interactor1Temp,SecondStressorValue,1/1/21
92702,557,PHX421,development time,individual-level duration of life stage,8,days,terrestrial,laboratory,resource supply,food quantity supplied at a constant rate ,1,mg individual-1 day-1,Fort Myers Florida,field,decimal,26.616667,-81.833333,Aedes aegypti,Yellow fever mosquito,Animalia,Arthropoda,Insecta,Diptera,Culicidae,Aedes,aegypti,juvenile (not inc egg stage),26,Celsius,26,Celsius,supplementary material,Huxley et al. 2021. The effect of resource limitation on the temperature-dependance of mosquito fitness. Proc. R. Soc. B. 288: 20203217.,10.1098/rspb.2020.3217,"Da Re, D., Andreo, V., San Miguel, T.V. et al. AedesTraits: A global dataset of temperature–dependent trait responses in Aedes mosquitoes. Sci Data 12, 2033 (2025).",10.1038/s41597-025-06461-z,Paul Huxley,phuxly@gmail.com,Interactor1Temp,SecondStressorValue,1/1/21
92704,557,PHX422,development time,individual-level duration of life stage,8,days,terrestrial,laboratory,resource supply,food quantity supplied at a constant rate ,1,mg individual-1 day-1,Fort Myers Florida,field,decimal,26.616667,-81.833333,Aedes aegypti,Yellow fever mosquito,Animalia,Arthropoda,Insecta,Diptera,Culicidae,Aedes,aegypti,juvenile (not inc egg stage),26,Celsius,26,Celsius,supplementary material,Huxley et al. 2021. The effect of resource limitation on the temperature-dependance of mosquito fitness. Proc. R. Soc. B. 288: 20203217.,10.1098/rspb.2020.3217,"Da Re, D., Andreo, V., San Miguel, T.V. et al. AedesTraits: A global dataset of temperature–dependent trait responses in Aedes mosquitoes. Sci Data 12, 2033 (2025).",10.1038/s41597-025-06461-z,Paul Huxley,phuxly@gmail.com,Interactor1Temp,SecondStressorValue,1/1/21
92706,557,PHX423,development time,individual-level duration of life stage,9,days,terrestrial,laboratory,resource supply,food quantity supplied at a constant rate ,1,mg individual-1 day-1,Fort Myers Florida,field,decimal,26.616667,-81.833333,Aedes aegypti,Yellow fever mosquito,Animalia,Arthropoda,Insecta,Diptera,Culicidae,Aedes,aegypti,juvenile (not inc egg stage),26,Celsius,26,Celsius,supplementary material,Huxley et al. 2021. The effect of resource limitation on the temperature-dependance of mosquito fitness. Proc. R. Soc. B. 288: 20203217.,10.1098/rspb.2020.3217,"Da Re, D., Andreo, V., San Miguel, T.V. et al. AedesTraits: A global dataset of temperature–dependent trait responses in Aedes mosquitoes. Sci Data 12, 2033 (2025).",10.1038/s41597-025-06461-z,Paul Huxley,phuxly@gmail.com,Interactor1Temp,SecondStressorValue,1/1/21
92708,557,PHX424,development time,individual-level duration of life stage,9,days,terrestrial,laboratory,resource supply,food quantity supplied at a constant rate ,1,mg individual-1 day-1,Fort Myers Florida,field,decimal,26.616667,-81.833333,Aedes aegypti,Yellow fever mosquito,Animalia,Arthropoda,Insecta,Diptera,Culicidae,Aedes,aegypti,juvenile (not inc egg stage),26,Celsius,26,Celsius,supplementary material,Huxley et al. 2021. The effect of resource limitation on the temperature-dependance of mosquito fitness. Proc. R. Soc. B. 288: 20203217.,10.1098/rspb.2020.3217,"Da Re, D., Andreo, V., San Miguel, T.V. et al. AedesTraits: A global dataset of temperature–dependent trait responses in Aedes mosquitoes. Sci Data 12, 2033 (2025).",10.1038/s41597-025-06461-z,Paul Huxley,phuxly@gmail.com,Interactor1Temp,SecondStressorValue,1/1/21
92711,557,PHX425,development time,individual-level duration of life stage,8,days,terrestrial,laboratory,resource supply,food quantity supplied at a constant rate ,1,mg individual-1 day-1,Fort Myers Florida,field,decimal,26.616667,-81.833333,Aedes aegypti,Yellow fever mosquito,Animalia,Arthropoda,Insecta,Diptera,Culicidae,Aedes,aegypti,juvenile (not inc egg stage),26,Celsius,26,Celsius,supplementary material,Huxley et al. 2021. The effect of resource limitation on the temperature-dependance of mosquito fitness. Proc. R. Soc. B. 288: 20203217.,10.1098/rspb.2020.3217,"Da Re, D., Andreo, V., San Miguel, T.V. et al. AedesTraits: A global dataset of temperature–dependent trait responses in Aedes mosquitoes. Sci Data 12, 2033 (2025).",10.1038/s41597-025-06461-z,Paul Huxley,phuxly@gmail.com,Interactor1Temp,SecondStressorValue,1/1/21
92713,557,PHX426,development time,individual-level duration of life stage,8,days,terrestrial,laboratory,resource supply,food quantity supplied at a constant rate ,1,mg individual-1 day-1,Fort Myers Florida,field,decimal,26.616667,-81.833333,Aedes aegypti,Yellow fever mosquito,Animalia,Arthropoda,Insecta,Diptera,Culicidae,Aedes,aegypti,juvenile (not inc egg stage),26,Celsius,26,Celsius,supplementary material,Huxley et al. 2021. The effect of resource limitation on the temperature-dependance of mosquito fitness. Proc. R. Soc. B. 288: 20203217.,10.1098/rspb.2020.3217,"Da Re, D., Andreo, V., San Miguel, T.V. et al. AedesTraits: A global dataset of temperature–dependent trait responses in Aedes mosquitoes. Sci Data 12, 2033 (2025).",10.1038/s41597-025-06461-z,Paul Huxley,phuxly@gmail.com,Interactor1Temp,SecondStressorValue,1/1/21
92715,557,PHX427,development time,individual-level duration of life stage,8,days,terrestrial,laboratory,resource supply,food quantity supplied at a constant rate ,1,mg individual-1 day-1,Fort Myers Florida,field,decimal,26.616667,-81.833333,Aedes aegypti,Yellow fever mosquito,Animalia,Arthropoda,Insecta,Diptera,Culicidae,Aedes,aegypti,juvenile (not inc egg stage),26,Celsius,26,Celsius,supplementary material,Huxley et al. 2021. The effect of resource limitation on the temperature-dependance of mosquito fitness. Proc. R. Soc. B. 288: 20203217.,10.1098/rspb.2020.3217,"Da Re, D., Andreo, V., San Miguel, T.V. et al. AedesTraits: A global dataset of temperature–dependent trait responses in Aedes mosquitoes. Sci Data 12, 2033 (2025).",10.1038/s41597-025-06461-z,Paul Huxley,phuxly@gmail.com,Interactor1Temp,SecondStressorValue,1/1/21
92717,557,PHX428,development time,individual-level duration of life stage,8,days,terrestrial,laboratory,resource supply,food quantity supplied at a constant rate ,1,mg individual-1 day-1,Fort Myers Florida,field,decimal,26.616667,-81.833333,Aedes aegypti,Yellow fever mosquito,Animalia,Arthropoda,Insecta,Diptera,Culicidae,Aedes,aegypti,juvenile (not inc egg stage),26,Celsius,26,Celsius,supplementary material,Huxley et al. 2021. The effect of resource limitation on the temperature-dependance of mosquito fitness. Proc. R. Soc. B. 288: 20203217.,10.1098/rspb.2020.3217,"Da Re, D., Andreo, V., San Miguel, T.V. et al. AedesTraits: A global dataset of temperature–dependent trait responses in Aedes mosquitoes. Sci Data 12, 2033 (2025).",10.1038/s41597-025-06461-z,Paul Huxley,phuxly@gmail.com,Interactor1Temp,SecondStressorValue,1/1/21
92719,557,PHX429,development time,individual-level duration of life stage,8,days,terrestrial,laboratory,resource supply,food quantity supplied at a constant rate ,1,mg individual-1 day-1,Fort Myers Florida,field,decimal,26.616667,-81.833333,Aedes aegypti,Yellow fever mosquito,Animalia,Arthropoda,Insecta,Diptera,Culicidae,Aedes,aegypti,juvenile (not inc egg stage),26,Celsius,26,Celsius,supplementary material,Huxley et al. 2021. The effect of resource limitation on the temperature-dependance of mosquito fitness. Proc. R. Soc. B. 288: 20203217.,10.1098/rspb.2020.3217,"Da Re, D., Andreo, V., San Miguel, T.V. et al. AedesTraits: A global dataset of temperature–dependent trait responses in Aedes mosquitoes. Sci Data 12, 2033 (2025).",10.1038/s41597-025-06461-z,Paul Huxley,phuxly@gmail.com,Interactor1Temp,SecondStressorValue,1/1/21
92721,557,PHX430,development time,individual-level duration of life stage,9,days,terrestrial,laboratory,resource supply,food quantity supplied at a constant rate ,1,mg individual-1 day-1,Fort Myers Florida,field,decimal,26.616667,-81.833333,Aedes aegypti,Yellow fever mosquito,Animalia,Arthropoda,Insecta,Diptera,Culicidae,Aedes,aegypti,juvenile (not inc egg stage),26,Celsius,26,Celsius,supplementary material,Huxley et al. 2021. The effect of resource limitation on the temperature-dependance of mosquito fitness. Proc. R. Soc. B. 288: 20203217.,10.1098/rspb.2020.3217,"Da Re, D., Andreo, V., San Miguel, T.V. et al. AedesTraits: A global dataset of temperature–dependent trait responses in Aedes mosquitoes. Sci Data 12, 2033 (2025).",10.1038/s41597-025-06461-z,Paul Huxley,phuxly@gmail.com,Interactor1Temp,SecondStressorValue,1/1/21
92724,557,PHX431,development time,individual-level duration of life stage,9,days,terrestrial,laboratory,resource supply,food quantity supplied at a constant rate ,1,mg individual-1 day-1,Fort Myers Florida,field,decimal,26.616667,-81.833333,Aedes aegypti,Yellow fever mosquito,Animalia,Arthropoda,Insecta,Diptera,Culicidae,Aedes,aegypti,juvenile (not inc egg stage),26,Celsius,26,Celsius,supplementary material,Huxley et al. 2021. The effect of resource limitation on the temperature-dependance of mosquito fitness. Proc. R. Soc. B. 288: 20203217.,10.1098/rspb.2020.3217,"Da Re, D., Andreo, V., San Miguel, T.V. et al. AedesTraits: A global dataset of temperature–dependent trait responses in Aedes mosquitoes. Sci Data 12, 2033 (2025).",10.1038/s41597-025-06461-z,Paul Huxley,phuxly@gmail.com,Interactor1Temp,SecondStressorValue,1/1/21
92726,557,PHX432,development time,individual-level duration of life stage,9,days,terrestrial,laboratory,resource supply,food quantity supplied at a constant rate ,1,mg individual-1 day-1,Fort Myers Florida,field,decimal,26.616667,-81.833333,Aedes aegypti,Yellow fever mosquito,Animalia,Arthropoda,Insecta,Diptera,Culicidae,Aedes,aegypti,juvenile (not inc egg stage),26,Celsius,26,Celsius,supplementary material,Huxley et al. 2021. The effect of resource limitation on the temperature-dependance of mosquito fitness. Proc. R. Soc. B. 288: 20203217.,10.1098/rspb.2020.3217,"Da Re, D., Andreo, V., San Miguel, T.V. et al. AedesTraits: A global dataset of temperature–dependent trait responses in Aedes mosquitoes. Sci Data 12, 2033 (2025).",10.1038/s41597-025-06461-z,Paul Huxley,phuxly@gmail.com,Interactor1Temp,SecondStressorValue,1/1/21
92728,557,PHX433,development time,individual-level duration of life stage,8,days,terrestrial,laboratory,resource supply,food quantity supplied at a constant rate ,1,mg individual-1 day-1,Fort Myers Florida,field,decimal,26.616667,-81.833333,Aedes aegypti,Yellow fever mosquito,Animalia,Arthropoda,Insecta,Diptera,Culicidae,Aedes,aegypti,juvenile (not inc egg stage),26,Celsius,26,Celsius,supplementary material,Huxley et al. 2021. The effect of resource limitation on the temperature-dependance of mosquito fitness. Proc. R. Soc. B. 288: 20203217.,10.1098/rspb.2020.3217,"Da Re, D., Andreo, V., San Miguel, T.V. et al. AedesTraits: A global dataset of temperature–dependent trait responses in Aedes mosquitoes. Sci Data 12, 2033 (2025).",10.1038/s41597-025-06461-z,Paul Huxley,phuxly@gmail.com,Interactor1Temp,SecondStressorValue,1/1/21
92730,557,PHX434,development time,individual-level duration of life stage,10,days,terrestrial,laboratory,resource supply,food quantity supplied at a constant rate ,1,mg individual-1 day-1,Fort Myers Florida,field,decimal,26.616667,-81.833333,Aedes aegypti,Yellow fever mosquito,Animalia,Arthropoda,Insecta,Diptera,Culicidae,Aedes,aegypti,juvenile (not inc egg stage),26,Celsius,26,Celsius,supplementary material,Huxley et al. 2021. The effect of resource limitation on the temperature-dependance of mosquito fitness. Proc. R. Soc. B. 288: 20203217.,10.1098/rspb.2020.3217,"Da Re, D., Andreo, V., San Miguel, T.V. et al. AedesTraits: A global dataset of temperature–dependent trait responses in Aedes mosquitoes. Sci Data 12, 2033 (2025).",10.1038/s41597-025-06461-z,Paul Huxley,phuxly@gmail.com,Interactor1Temp,SecondStressorValue,1/1/21
92732,557,PHX435,development time,individual-level duration of life stage,9,days,terrestrial,laboratory,resource supply,food quantity supplied at a constant rate ,1,mg individual-1 day-1,Fort Myers Florida,field,decimal,26.616667,-81.833333,Aedes aegypti,Yellow fever mosquito,Animalia,Arthropoda,Insecta,Diptera,Culicidae,Aedes,aegypti,juvenile (not inc egg stage),26,Celsius,26,Celsius,supplementary material,Huxley et al. 2021. The effect of resource limitation on the temperature-dependance of mosquito fitness. Proc. R. Soc. B. 288: 20203217.,10.1098/rspb.2020.3217,"Da Re, D., Andreo, V., San Miguel, T.V. et al. AedesTraits: A global dataset of temperature–dependent trait responses in Aedes mosquitoes. Sci Data 12, 2033 (2025).",10.1038/s41597-025-06461-z,Paul Huxley,phuxly@gmail.com,Interactor1Temp,SecondStressorValue,1/1/21
92734,557,PHX436,development time,individual-level duration of life stage,22,days,terrestrial,laboratory,resource supply,food quantity supplied at a constant rate ,0.1,mg individual-1 day-1,Fort Myers Florida,field,decimal,26.616667,-81.833333,Aedes aegypti,Yellow fever mosquito,Animalia,Arthropoda,Insecta,Diptera,Culicidae,Aedes,aegypti,juvenile (not inc egg stage),32,Celsius,26,Celsius,supplementary material,Huxley et al. 2021. The effect of resource limitation on the temperature-dependance of mosquito fitness. Proc. R. Soc. B. 288: 20203217.,10.1098/rspb.2020.3217,"Da Re, D., Andreo, V., San Miguel, T.V. et al. AedesTraits: A global dataset of temperature–dependent trait responses in Aedes mosquitoes. Sci Data 12, 2033 (2025).",10.1038/s41597-025-06461-z,Paul Huxley,phuxly@gmail.com,Interactor1Temp,SecondStressorValue,1/1/21
92737,557,PHX437,development time,individual-level duration of life stage,12,days,terrestrial,laboratory,resource supply,food quantity supplied at a constant rate ,1,mg individual-1 day-1,Fort Myers Florida,field,decimal,26.616667,-81.833333,Aedes aegypti,Yellow fever mosquito,Animalia,Arthropoda,Insecta,Diptera,Culicidae,Aedes,aegypti,juvenile (not inc egg stage),22,Celsius,26,Celsius,supplementary material,Huxley et al. 2021. The effect of resource limitation on the temperature-dependance of mosquito fitness. Proc. R. Soc. B. 288: 20203217.,10.1098/rspb.2020.3217,"Da Re, D., Andreo, V., San Miguel, T.V. et al. AedesTraits: A global dataset of temperature–dependent trait responses in Aedes mosquitoes. Sci Data 12, 2033 (2025).",10.1038/s41597-025-06461-z,Paul Huxley,phuxly@gmail.com,Interactor1Temp,SecondStressorValue,1/1/21
92739,557,PHX438,development time,individual-level duration of life stage,10,days,terrestrial,laboratory,resource supply,food quantity supplied at a constant rate ,0.1,mg individual-1 day-1,Fort Myers Florida,field,decimal,26.616667,-81.833333,Aedes aegypti,Yellow fever mosquito,Animalia,Arthropoda,Insecta,Diptera,Culicidae,Aedes,aegypti,juvenile (not inc egg stage),32,Celsius,26,Celsius,supplementary material,Huxley et al. 2021. The effect of resource limitation on the temperature-dependance of mosquito fitness. Proc. R. Soc. B. 288: 20203217.,10.1098/rspb.2020.3217,"Da Re, D., Andreo, V., San Miguel, T.V. et al. AedesTraits: A global dataset of temperature–dependent trait responses in Aedes mosquitoes. Sci Data 12, 2033 (2025).",10.1038/s41597-025-06461-z,Paul Huxley,phuxly@gmail.com,Interactor1Temp,SecondStressorValue,1/1/21
92741,557,PHX439,development time,individual-level duration of life stage,21,days,terrestrial,laboratory,resource supply,food quantity supplied at a constant rate ,0.1,mg individual-1 day-1,Fort Myers Florida,field,decimal,26.616667,-81.833333,Aedes aegypti,Yellow fever mosquito,Animalia,Arthropoda,Insecta,Diptera,Culicidae,Aedes,aegypti,juvenile (not inc egg stage),32,Celsius,26,Celsius,supplementary material,Huxley et al. 2021. The effect of resource limitation on the temperature-dependance of mosquito fitness. Proc. R. Soc. B. 288: 20203217.,10.1098/rspb.2020.3217,"Da Re, D., Andreo, V., San Miguel, T.V. et al. AedesTraits: A global dataset of temperature–dependent trait responses in Aedes mosquitoes. Sci Data 12, 2033 (2025).",10.1038/s41597-025-06461-z,Paul Huxley,phuxly@gmail.com,Interactor1Temp,SecondStressorValue,1/1/21
92743,557,PHX440,development time,individual-level duration of life stage,26,days,terrestrial,laboratory,resource supply,food quantity supplied at a constant rate ,0.1,mg individual-1 day-1,Fort Myers Florida,field,decimal,26.616667,-81.833333,Aedes aegypti,Yellow fever mosquito,Animalia,Arthropoda,Insecta,Diptera,Culicidae,Aedes,aegypti,juvenile (not inc egg stage),32,Celsius,26,Celsius,supplementary material,Huxley et al. 2021. The effect of resource limitation on the temperature-dependance of mosquito fitness. Proc. R. Soc. B. 288: 20203217.,10.1098/rspb.2020.3217,"Da Re, D., Andreo, V., San Miguel, T.V. et al. AedesTraits: A global dataset of temperature–dependent trait responses in Aedes mosquitoes. Sci Data 12, 2033 (2025).",10.1038/s41597-025-06461-z,Paul Huxley,phuxly@gmail.com,Interactor1Temp,SecondStressorValue,1/1/21
92745,557,PHX441,development time,individual-level duration of life stage,27,days,terrestrial,laboratory,resource supply,food quantity supplied at a constant rate ,0.1,mg individual-1 day-1,Fort Myers Florida,field,decimal,26.616667,-81.833333,Aedes aegypti,Yellow fever mosquito,Animalia,Arthropoda,Insecta,Diptera,Culicidae,Aedes,aegypti,juvenile (not inc egg stage),32,Celsius,26,Celsius,supplementary material,Huxley et al. 2021. The effect of resource limitation on the temperature-dependance of mosquito fitness. Proc. R. Soc. B. 288: 20203217.,10.1098/rspb.2020.3217,"Da Re, D., Andreo, V., San Miguel, T.V. et al. AedesTraits: A global dataset of temperature–dependent trait responses in Aedes mosquitoes. Sci Data 12, 2033 (2025).",10.1038/s41597-025-06461-z,Paul Huxley,phuxly@gmail.com,Interactor1Temp,SecondStressorValue,1/1/21
92747,557,PHX442,development time,individual-level duration of life stage,11,days,terrestrial,laboratory,resource supply,food quantity supplied at a constant rate ,0.1,mg individual-1 day-1,Fort Myers Florida,field,decimal,26.616667,-81.833333,Aedes aegypti,Yellow fever mosquito,Animalia,Arthropoda,Insecta,Diptera,Culicidae,Aedes,aegypti,juvenile (not inc egg stage),32,Celsius,26,Celsius,supplementary material,Huxley et al. 2021. The effect of resource limitation on the temperature-dependance of mosquito fitness. Proc. R. Soc. B. 288: 20203217.,10.1098/rspb.2020.3217,"Da Re, D., Andreo, V., San Miguel, T.V. et al. AedesTraits: A global dataset of temperature–dependent trait responses in Aedes mosquitoes. Sci Data 12, 2033 (2025).",10.1038/s41597-025-06461-z,Paul Huxley,phuxly@gmail.com,Interactor1Temp,SecondStressorValue,1/1/21
92749,557,PHX443,development time,individual-level duration of life stage,15,days,terrestrial,laboratory,resource supply,food quantity supplied at a constant rate ,0.1,mg individual-1 day-1,Fort Myers Florida,field,decimal,26.616667,-81.833333,Aedes aegypti,Yellow fever mosquito,Animalia,Arthropoda,Insecta,Diptera,Culicidae,Aedes,aegypti,juvenile (not inc egg stage),32,Celsius,26,Celsius,supplementary material,Huxley et al. 2021. The effect of resource limitation on the temperature-dependance of mosquito fitness. Proc. R. Soc. B. 288: 20203217.,10.1098/rspb.2020.3217,"Da Re, D., Andreo, V., San Miguel, T.V. et al. AedesTraits: A global dataset of temperature–dependent trait responses in Aedes mosquitoes. Sci Data 12, 2033 (2025).",10.1038/s41597-025-06461-z,Paul Huxley,phuxly@gmail.com,Interactor1Temp,SecondStressorValue,1/1/21
92752,557,PHX444,development time,individual-level duration of life stage,26,days,terrestrial,laboratory,resource supply,food quantity supplied at a constant rate ,0.1,mg individual-1 day-1,Fort Myers Florida,field,decimal,26.616667,-81.833333,Aedes aegypti,Yellow fever mosquito,Animalia,Arthropoda,Insecta,Diptera,Culicidae,Aedes,aegypti,juvenile (not inc egg stage),32,Celsius,26,Celsius,supplementary material,Huxley et al. 2021. The effect of resource limitation on the temperature-dependance of mosquito fitness. Proc. R. Soc. B. 288: 20203217.,10.1098/rspb.2020.3217,"Da Re, D., Andreo, V., San Miguel, T.V. et al. AedesTraits: A global dataset of temperature–dependent trait responses in Aedes mosquitoes. Sci Data 12, 2033 (2025).",10.1038/s41597-025-06461-z,Paul Huxley,phuxly@gmail.com,Interactor1Temp,SecondStressorValue,1/1/21
92754,557,PHX445,development time,individual-level duration of life stage,26,days,terrestrial,laboratory,resource supply,food quantity supplied at a constant rate ,0.1,mg individual-1 day-1,Fort Myers Florida,field,decimal,26.616667,-81.833333,Aedes aegypti,Yellow fever mosquito,Animalia,Arthropoda,Insecta,Diptera,Culicidae,Aedes,aegypti,juvenile (not inc egg stage),32,Celsius,26,Celsius,supplementary material,Huxley et al. 2021. The effect of resource limitation on the temperature-dependance of mosquito fitness. Proc. R. Soc. B. 288: 20203217.,10.1098/rspb.2020.3217,"Da Re, D., Andreo, V., San Miguel, T.V. et al. AedesTraits: A global dataset of temperature–dependent trait responses in Aedes mosquitoes. Sci Data 12, 2033 (2025).",10.1038/s41597-025-06461-z,Paul Huxley,phuxly@gmail.com,Interactor1Temp,SecondStressorValue,1/1/21
92756,557,PHX446,development time,individual-level duration of life stage,26,days,terrestrial,laboratory,resource supply,food quantity supplied at a constant rate ,0.1,mg individual-1 day-1,Fort Myers Florida,field,decimal,26.616667,-81.833333,Aedes aegypti,Yellow fever mosquito,Animalia,Arthropoda,Insecta,Diptera,Culicidae,Aedes,aegypti,juvenile (not inc egg stage),32,Celsius,26,Celsius,supplementary material,Huxley et al. 2021. The effect of resource limitation on the temperature-dependance of mosquito fitness. Proc. R. Soc. B. 288: 20203217.,10.1098/rspb.2020.3217,"Da Re, D., Andreo, V., San Miguel, T.V. et al. AedesTraits: A global dataset of temperature–dependent trait responses in Aedes mosquitoes. Sci Data 12, 2033 (2025).",10.1038/s41597-025-06461-z,Paul Huxley,phuxly@gmail.com,Interactor1Temp,SecondStressorValue,1/1/21
92758,557,PHX447,development time,individual-level duration of life stage,13,days,terrestrial,laboratory,resource supply,food quantity supplied at a constant rate ,1,mg individual-1 day-1,Fort Myers Florida,field,decimal,26.616667,-81.833333,Aedes aegypti,Yellow fever mosquito,Animalia,Arthropoda,Insecta,Diptera,Culicidae,Aedes,aegypti,juvenile (not inc egg stage),22,Celsius,26,Celsius,supplementary material,Huxley et al. 2021. The effect of resource limitation on the temperature-dependance of mosquito fitness. Proc. R. Soc. B. 288: 20203217.,10.1098/rspb.2020.3217,"Da Re, D., Andreo, V., San Miguel, T.V. et al. AedesTraits: A global dataset of temperature–dependent trait responses in Aedes mosquitoes. Sci Data 12, 2033 (2025).",10.1038/s41597-025-06461-z,Paul Huxley,phuxly@gmail.com,Interactor1Temp,SecondStressorValue,1/1/21
92760,557,PHX448,development time,individual-level duration of life stage,5,days,terrestrial,laboratory,resource supply,food quantity supplied at a constant rate ,1,mg individual-1 day-1,Fort Myers Florida,field,decimal,26.616667,-81.833333,Aedes aegypti,Yellow fever mosquito,Animalia,Arthropoda,Insecta,Diptera,Culicidae,Aedes,aegypti,juvenile (not inc egg stage),32,Celsius,26,Celsius,supplementary material,Huxley et al. 2021. The effect of resource limitation on the temperature-dependance of mosquito fitness. Proc. R. Soc. B. 288: 20203217.,10.1098/rspb.2020.3217,"Da Re, D., Andreo, V., San Miguel, T.V. et al. AedesTraits: A global dataset of temperature–dependent trait responses in Aedes mosquitoes. Sci Data 12, 2033 (2025).",10.1038/s41597-025-06461-z,Paul Huxley,phuxly@gmail.com,Interactor1Temp,SecondStressorValue,1/1/21
92762,557,PHX449,development time,individual-level duration of life stage,6,days,terrestrial,laboratory,resource supply,food quantity supplied at a constant rate ,1,mg individual-1 day-1,Fort Myers Florida,field,decimal,26.616667,-81.833333,Aedes aegypti,Yellow fever mosquito,Animalia,Arthropoda,Insecta,Diptera,Culicidae,Aedes,aegypti,juvenile (not inc egg stage),32,Celsius,26,Celsius,supplementary material,Huxley et al. 2021. The effect of resource limitation on the temperature-dependance of mosquito fitness. Proc. R. Soc. B. 288: 20203217.,10.1098/rspb.2020.3217,"Da Re, D., Andreo, V., San Miguel, T.V. et al. AedesTraits: A global dataset of temperature–dependent trait responses in Aedes mosquitoes. Sci Data 12, 2033 (2025).",10.1038/s41597-025-06461-z,Paul Huxley,phuxly@gmail.com,Interactor1Temp,SecondStressorValue,1/1/21
92765,557,PHX450,development time,individual-level duration of life stage,9,days,terrestrial,laboratory,resource supply,food quantity supplied at a constant rate ,1,mg individual-1 day-1,Fort Myers Florida,field,decimal,26.616667,-81.833333,Aedes aegypti,Yellow fever mosquito,Animalia,Arthropoda,Insecta,Diptera,Culicidae,Aedes,aegypti,juvenile (not inc egg stage),26,Celsius,26,Celsius,supplementary material,Huxley et al. 2021. The effect of resource limitation on the temperature-dependance of mosquito fitness. Proc. R. Soc. B. 288: 20203217.,10.1098/rspb.2020.3217,"Da Re, D., Andreo, V., San Miguel, T.V. et al. AedesTraits: A global dataset of temperature–dependent trait responses in Aedes mosquitoes. Sci Data 12, 2033 (2025).",10.1038/s41597-025-06461-z,Paul Huxley,phuxly@gmail.com,Interactor1Temp,SecondStressorValue,1/1/21
92767,557,PHX451,development time,individual-level duration of life stage,6,days,terrestrial,laboratory,resource supply,food quantity supplied at a constant rate ,1,mg individual-1 day-1,Fort Myers Florida,field,decimal,26.616667,-81.833333,Aedes aegypti,Yellow fever mosquito,Animalia,Arthropoda,Insecta,Diptera,Culicidae,Aedes,aegypti,juvenile (not inc egg stage),32,Celsius,26,Celsius,supplementary material,Huxley et al. 2021. The effect of resource limitation on the temperature-dependance of mosquito fitness. Proc. R. Soc. B. 288: 20203217.,10.1098/rspb.2020.3217,"Da Re, D., Andreo, V., San Miguel, T.V. et al. AedesTraits: A global dataset of temperature–dependent trait responses in Aedes mosquitoes. Sci Data 12, 2033 (2025).",10.1038/s41597-025-06461-z,Paul Huxley,phuxly@gmail.com,Interactor1Temp,SecondStressorValue,1/1/21
92769,557,PHX452,development time,individual-level duration of life stage,6,days,terrestrial,laboratory,resource supply,food quantity supplied at a constant rate ,1,mg individual-1 day-1,Fort Myers Florida,field,decimal,26.616667,-81.833333,Aedes aegypti,Yellow fever mosquito,Animalia,Arthropoda,Insecta,Diptera,Culicidae,Aedes,aegypti,juvenile (not inc egg stage),32,Celsius,26,Celsius,supplementary material,Huxley et al. 2021. The effect of resource limitation on the temperature-dependance of mosquito fitness. Proc. R. Soc. B. 288: 20203217.,10.1098/rspb.2020.3217,"Da Re, D., Andreo, V., San Miguel, T.V. et al. AedesTraits: A global dataset of temperature–dependent trait responses in Aedes mosquitoes. Sci Data 12, 2033 (2025).",10.1038/s41597-025-06461-z,Paul Huxley,phuxly@gmail.com,Interactor1Temp,SecondStressorValue,1/1/21
92771,557,PHX453,development time,individual-level duration of life stage,13,days,terrestrial,laboratory,resource supply,food quantity supplied at a constant rate ,1,mg individual-1 day-1,Fort Myers Florida,field,decimal,26.616667,-81.833333,Aedes aegypti,Yellow fever mosquito,Animalia,Arthropoda,Insecta,Diptera,Culicidae,Aedes,aegypti,juvenile (not inc egg stage),22,Celsius,26,Celsius,supplementary material,Huxley et al. 2021. The effect of resource limitation on the temperature-dependance of mosquito fitness. Proc. R. Soc. B. 288: 20203217.,10.1098/rspb.2020.3217,"Da Re, D., Andreo, V., San Miguel, T.V. et al. AedesTraits: A global dataset of temperature–dependent trait responses in Aedes mosquitoes. Sci Data 12, 2033 (2025).",10.1038/s41597-025-06461-z,Paul Huxley,phuxly@gmail.com,Interactor1Temp,SecondStressorValue,1/1/21
92773,557,PHX454,development time,individual-level duration of life stage,5,days,terrestrial,laboratory,resource supply,food quantity supplied at a constant rate ,1,mg individual-1 day-1,Fort Myers Florida,field,decimal,26.616667,-81.833333,Aedes aegypti,Yellow fever mosquito,Animalia,Arthropoda,Insecta,Diptera,Culicidae,Aedes,aegypti,juvenile (not inc egg stage),32,Celsius,26,Celsius,supplementary material,Huxley et al. 2021. The effect of resource limitation on the temperature-dependance of mosquito fitness. Proc. R. Soc. B. 288: 20203217.,10.1098/rspb.2020.3217,"Da Re, D., Andreo, V., San Miguel, T.V. et al. AedesTraits: A global dataset of temperature–dependent trait responses in Aedes mosquitoes. Sci Data 12, 2033 (2025).",10.1038/s41597-025-06461-z,Paul Huxley,phuxly@gmail.com,Interactor1Temp,SecondStressorValue,1/1/21
92775,557,PHX455,development time,individual-level duration of life stage,10,days,terrestrial,laboratory,resource supply,food quantity supplied at a constant rate ,1,mg individual-1 day-1,Fort Myers Florida,field,decimal,26.616667,-81.833333,Aedes aegypti,Yellow fever mosquito,Animalia,Arthropoda,Insecta,Diptera,Culicidae,Aedes,aegypti,juvenile (not inc egg stage),26,Celsius,26,Celsius,supplementary material,Huxley et al. 2021. The effect of resource limitation on the temperature-dependance of mosquito fitness. Proc. R. Soc. B. 288: 20203217.,10.1098/rspb.2020.3217,"Da Re, D., Andreo, V., San Miguel, T.V. et al. AedesTraits: A global dataset of temperature–dependent trait responses in Aedes mosquitoes. Sci Data 12, 2033 (2025).",10.1038/s41597-025-06461-z,Paul Huxley,phuxly@gmail.com,Interactor1Temp,SecondStressorValue,1/1/21
92777,557,PHX456,development time,individual-level duration of life stage,13,days,terrestrial,laboratory,resource supply,food quantity supplied at a constant rate ,1,mg individual-1 day-1,Fort Myers Florida,field,decimal,26.616667,-81.833333,Aedes aegypti,Yellow fever mosquito,Animalia,Arthropoda,Insecta,Diptera,Culicidae,Aedes,aegypti,juvenile (not inc egg stage),22,Celsius,26,Celsius,supplementary material,Huxley et al. 2021. The effect of resource limitation on the temperature-dependance of mosquito fitness. Proc. R. Soc. B. 288: 20203217.,10.1098/rspb.2020.3217,"Da Re, D., Andreo, V., San Miguel, T.V. et al. AedesTraits: A global dataset of temperature–dependent trait responses in Aedes mosquitoes. Sci Data 12, 2033 (2025).",10.1038/s41597-025-06461-z,Paul Huxley,phuxly@gmail.com,Interactor1Temp,SecondStressorValue,1/1/21
92780,557,PHX457,development time,individual-level duration of life stage,6,days,terrestrial,laboratory,resource supply,food quantity supplied at a constant rate ,1,mg individual-1 day-1,Fort Myers Florida,field,decimal,26.616667,-81.833333,Aedes aegypti,Yellow fever mosquito,Animalia,Arthropoda,Insecta,Diptera,Culicidae,Aedes,aegypti,juvenile (not inc egg stage),32,Celsius,26,Celsius,supplementary material,Huxley et al. 2021. The effect of resource limitation on the temperature-dependance of mosquito fitness. Proc. R. Soc. B. 288: 20203217.,10.1098/rspb.2020.3217,"Da Re, D., Andreo, V., San Miguel, T.V. et al. AedesTraits: A global dataset of temperature–dependent trait responses in Aedes mosquitoes. Sci Data 12, 2033 (2025).",10.1038/s41597-025-06461-z,Paul Huxley,phuxly@gmail.com,Interactor1Temp,SecondStressorValue,1/1/21
92782,557,PHX458,development time,individual-level duration of life stage,6,days,terrestrial,laboratory,resource supply,food quantity supplied at a constant rate ,1,mg individual-1 day-1,Fort Myers Florida,field,decimal,26.616667,-81.833333,Aedes aegypti,Yellow fever mosquito,Animalia,Arthropoda,Insecta,Diptera,Culicidae,Aedes,aegypti,juvenile (not inc egg stage),32,Celsius,26,Celsius,supplementary material,Huxley et al. 2021. The effect of resource limitation on the temperature-dependance of mosquito fitness. Proc. R. Soc. B. 288: 20203217.,10.1098/rspb.2020.3217,"Da Re, D., Andreo, V., San Miguel, T.V. et al. AedesTraits: A global dataset of temperature–dependent trait responses in Aedes mosquitoes. Sci Data 12, 2033 (2025).",10.1038/s41597-025-06461-z,Paul Huxley,phuxly@gmail.com,Interactor1Temp,SecondStressorValue,1/1/21
92784,557,PHX459,development time,individual-level duration of life stage,13,days,terrestrial,laboratory,resource supply,food quantity supplied at a constant rate ,1,mg individual-1 day-1,Fort Myers Florida,field,decimal,26.616667,-81.833333,Aedes aegypti,Yellow fever mosquito,Animalia,Arthropoda,Insecta,Diptera,Culicidae,Aedes,aegypti,juvenile (not inc egg stage),22,Celsius,26,Celsius,supplementary material,Huxley et al. 2021. The effect of resource limitation on the temperature-dependance of mosquito fitness. Proc. R. Soc. B. 288: 20203217.,10.1098/rspb.2020.3217,"Da Re, D., Andreo, V., San Miguel, T.V. et al. AedesTraits: A global dataset of temperature–dependent trait responses in Aedes mosquitoes. Sci Data 12, 2033 (2025).",10.1038/s41597-025-06461-z,Paul Huxley,phuxly@gmail.com,Interactor1Temp,SecondStressorValue,1/1/21
92786,557,PHX460,development time,individual-level duration of life stage,6,days,terrestrial,laboratory,resource supply,food quantity supplied at a constant rate ,1,mg individual-1 day-1,Fort Myers Florida,field,decimal,26.616667,-81.833333,Aedes aegypti,Yellow fever mosquito,Animalia,Arthropoda,Insecta,Diptera,Culicidae,Aedes,aegypti,juvenile (not inc egg stage),32,Celsius,26,Celsius,supplementary material,Huxley et al. 2021. The effect of resource limitation on the temperature-dependance of mosquito fitness. Proc. R. Soc. B. 288: 20203217.,10.1098/rspb.2020.3217,"Da Re, D., Andreo, V., San Miguel, T.V. et al. AedesTraits: A global dataset of temperature–dependent trait responses in Aedes mosquitoes. Sci Data 12, 2033 (2025).",10.1038/s41597-025-06461-z,Paul Huxley,phuxly@gmail.com,Interactor1Temp,SecondStressorValue,1/1/21
92789,557,PHX461,development time,individual-level duration of life stage,6,days,terrestrial,laboratory,resource supply,food quantity supplied at a constant rate ,1,mg individual-1 day-1,Fort Myers Florida,field,decimal,26.616667,-81.833333,Aedes aegypti,Yellow fever mosquito,Animalia,Arthropoda,Insecta,Diptera,Culicidae,Aedes,aegypti,juvenile (not inc egg stage),32,Celsius,26,Celsius,supplementary material,Huxley et al. 2021. The effect of resource limitation on the temperature-dependance of mosquito fitness. Proc. R. Soc. B. 288: 20203217.,10.1098/rspb.2020.3217,"Da Re, D., Andreo, V., San Miguel, T.V. et al. AedesTraits: A global dataset of temperature–dependent trait responses in Aedes mosquitoes. Sci Data 12, 2033 (2025).",10.1038/s41597-025-06461-z,Paul Huxley,phuxly@gmail.com,Interactor1Temp,SecondStressorValue,1/1/21
92791,557,PHX462,development time,individual-level duration of life stage,9,days,terrestrial,laboratory,resource supply,food quantity supplied at a constant rate ,1,mg individual-1 day-1,Fort Myers Florida,field,decimal,26.616667,-81.833333,Aedes aegypti,Yellow fever mosquito,Animalia,Arthropoda,Insecta,Diptera,Culicidae,Aedes,aegypti,juvenile (not inc egg stage),26,Celsius,26,Celsius,supplementary material,Huxley et al. 2021. The effect of resource limitation on the temperature-dependance of mosquito fitness. Proc. R. Soc. B. 288: 20203217.,10.1098/rspb.2020.3217,"Da Re, D., Andreo, V., San Miguel, T.V. et al. AedesTraits: A global dataset of temperature–dependent trait responses in Aedes mosquitoes. Sci Data 12, 2033 (2025).",10.1038/s41597-025-06461-z,Paul Huxley,phuxly@gmail.com,Interactor1Temp,SecondStressorValue,1/1/21
92793,557,PHX463,development time,individual-level duration of life stage,6,days,terrestrial,laboratory,resource supply,food quantity supplied at a constant rate ,1,mg individual-1 day-1,Fort Myers Florida,field,decimal,26.616667,-81.833333,Aedes aegypti,Yellow fever mosquito,Animalia,Arthropoda,Insecta,Diptera,Culicidae,Aedes,aegypti,juvenile (not inc egg stage),32,Celsius,26,Celsius,supplementary material,Huxley et al. 2021. The effect of resource limitation on the temperature-dependance of mosquito fitness. Proc. R. Soc. B. 288: 20203217.,10.1098/rspb.2020.3217,"Da Re, D., Andreo, V., San Miguel, T.V. et al. AedesTraits: A global dataset of temperature–dependent trait responses in Aedes mosquitoes. Sci Data 12, 2033 (2025).",10.1038/s41597-025-06461-z,Paul Huxley,phuxly@gmail.com,Interactor1Temp,SecondStressorValue,1/1/21
92795,557,PHX464,development time,individual-level duration of life stage,5,days,terrestrial,laboratory,resource supply,food quantity supplied at a constant rate ,1,mg individual-1 day-1,Fort Myers Florida,field,decimal,26.616667,-81.833333,Aedes aegypti,Yellow fever mosquito,Animalia,Arthropoda,Insecta,Diptera,Culicidae,Aedes,aegypti,juvenile (not inc egg stage),32,Celsius,26,Celsius,supplementary material,Huxley et al. 2021. The effect of resource limitation on the temperature-dependance of mosquito fitness. Proc. R. Soc. B. 288: 20203217.,10.1098/rspb.2020.3217,"Da Re, D., Andreo, V., San Miguel, T.V. et al. AedesTraits: A global dataset of temperature–dependent trait responses in Aedes mosquitoes. Sci Data 12, 2033 (2025).",10.1038/s41597-025-06461-z,Paul Huxley,phuxly@gmail.com,Interactor1Temp,SecondStressorValue,1/1/21
92797,557,PHX465,development time,individual-level duration of life stage,6,days,terrestrial,laboratory,resource supply,food quantity supplied at a constant rate ,1,mg individual-1 day-1,Fort Myers Florida,field,decimal,26.616667,-81.833333,Aedes aegypti,Yellow fever mosquito,Animalia,Arthropoda,Insecta,Diptera,Culicidae,Aedes,aegypti,juvenile (not inc egg stage),32,Celsius,26,Celsius,supplementary material,Huxley et al. 2021. The effect of resource limitation on the temperature-dependance of mosquito fitness. Proc. R. Soc. B. 288: 20203217.,10.1098/rspb.2020.3217,"Da Re, D., Andreo, V., San Miguel, T.V. et al. AedesTraits: A global dataset of temperature–dependent trait responses in Aedes mosquitoes. Sci Data 12, 2033 (2025).",10.1038/s41597-025-06461-z,Paul Huxley,phuxly@gmail.com,Interactor1Temp,SecondStressorValue,1/1/21
92800,557,PHX466,development time,individual-level duration of life stage,6,days,terrestrial,laboratory,resource supply,food quantity supplied at a constant rate ,1,mg individual-1 day-1,Fort Myers Florida,field,decimal,26.616667,-81.833333,Aedes aegypti,Yellow fever mosquito,Animalia,Arthropoda,Insecta,Diptera,Culicidae,Aedes,aegypti,juvenile (not inc egg stage),32,Celsius,26,Celsius,supplementary material,Huxley et al. 2021. The effect of resource limitation on the temperature-dependance of mosquito fitness. Proc. R. Soc. B. 288: 20203217.,10.1098/rspb.2020.3217,"Da Re, D., Andreo, V., San Miguel, T.V. et al. AedesTraits: A global dataset of temperature–dependent trait responses in Aedes mosquitoes. Sci Data 12, 2033 (2025).",10.1038/s41597-025-06461-z,Paul Huxley,phuxly@gmail.com,Interactor1Temp,SecondStressorValue,1/1/21
92802,557,PHX467,development time,individual-level duration of life stage,6,days,terrestrial,laboratory,resource supply,food quantity supplied at a constant rate ,1,mg individual-1 day-1,Fort Myers Florida,field,decimal,26.616667,-81.833333,Aedes aegypti,Yellow fever mosquito,Animalia,Arthropoda,Insecta,Diptera,Culicidae,Aedes,aegypti,juvenile (not inc egg stage),32,Celsius,26,Celsius,supplementary material,Huxley et al. 2021. The effect of resource limitation on the temperature-dependance of mosquito fitness. Proc. R. Soc. B. 288: 20203217.,10.1098/rspb.2020.3217,"Da Re, D., Andreo, V., San Miguel, T.V. et al. AedesTraits: A global dataset of temperature–dependent trait responses in Aedes mosquitoes. Sci Data 12, 2033 (2025).",10.1038/s41597-025-06461-z,Paul Huxley,phuxly@gmail.com,Interactor1Temp,SecondStressorValue,1/1/21
92804,557,PHX468,development time,individual-level duration of life stage,5,days,terrestrial,laboratory,resource supply,food quantity supplied at a constant rate ,1,mg individual-1 day-1,Fort Myers Florida,field,decimal,26.616667,-81.833333,Aedes aegypti,Yellow fever mosquito,Animalia,Arthropoda,Insecta,Diptera,Culicidae,Aedes,aegypti,juvenile (not inc egg stage),32,Celsius,26,Celsius,supplementary material,Huxley et al. 2021. The effect of resource limitation on the temperature-dependance of mosquito fitness. Proc. R. Soc. B. 288: 20203217.,10.1098/rspb.2020.3217,"Da Re, D., Andreo, V., San Miguel, T.V. et al. AedesTraits: A global dataset of temperature–dependent trait responses in Aedes mosquitoes. Sci Data 12, 2033 (2025).",10.1038/s41597-025-06461-z,Paul Huxley,phuxly@gmail.com,Interactor1Temp,SecondStressorValue,1/1/21
92806,557,PHX469,development time,individual-level duration of life stage,5,days,terrestrial,laboratory,resource supply,food quantity supplied at a constant rate ,1,mg individual-1 day-1,Fort Myers Florida,field,decimal,26.616667,-81.833333,Aedes aegypti,Yellow fever mosquito,Animalia,Arthropoda,Insecta,Diptera,Culicidae,Aedes,aegypti,juvenile (not inc egg stage),32,Celsius,26,Celsius,supplementary material,Huxley et al. 2021. The effect of resource limitation on the temperature-dependance of mosquito fitness. Proc. R. Soc. B. 288: 20203217.,10.1098/rspb.2020.3217,"Da Re, D., Andreo, V., San Miguel, T.V. et al. AedesTraits: A global dataset of temperature–dependent trait responses in Aedes mosquitoes. Sci Data 12, 2033 (2025).",10.1038/s41597-025-06461-z,Paul Huxley,phuxly@gmail.com,Interactor1Temp,SecondStressorValue,1/1/21
92809,557,PHX470,development time,individual-level duration of life stage,6,days,terrestrial,laboratory,resource supply,food quantity supplied at a constant rate ,1,mg individual-1 day-1,Fort Myers Florida,field,decimal,26.616667,-81.833333,Aedes aegypti,Yellow fever mosquito,Animalia,Arthropoda,Insecta,Diptera,Culicidae,Aedes,aegypti,juvenile (not inc egg stage),32,Celsius,26,Celsius,supplementary material,Huxley et al. 2021. The effect of resource limitation on the temperature-dependance of mosquito fitness. Proc. R. Soc. B. 288: 20203217.,10.1098/rspb.2020.3217,"Da Re, D., Andreo, V., San Miguel, T.V. et al. AedesTraits: A global dataset of temperature–dependent trait responses in Aedes mosquitoes. Sci Data 12, 2033 (2025).",10.1038/s41597-025-06461-z,Paul Huxley,phuxly@gmail.com,Interactor1Temp,SecondStressorValue,1/1/21
92811,557,PHX471,development time,individual-level duration of life stage,6,days,terrestrial,laboratory,resource supply,food quantity supplied at a constant rate ,1,mg individual-1 day-1,Fort Myers Florida,field,decimal,26.616667,-81.833333,Aedes aegypti,Yellow fever mosquito,Animalia,Arthropoda,Insecta,Diptera,Culicidae,Aedes,aegypti,juvenile (not inc egg stage),32,Celsius,26,Celsius,supplementary material,Huxley et al. 2021. The effect of resource limitation on the temperature-dependance of mosquito fitness. Proc. R. Soc. B. 288: 20203217.,10.1098/rspb.2020.3217,"Da Re, D., Andreo, V., San Miguel, T.V. et al. AedesTraits: A global dataset of temperature–dependent trait responses in Aedes mosquitoes. Sci Data 12, 2033 (2025).",10.1038/s41597-025-06461-z,Paul Huxley,phuxly@gmail.com,Interactor1Temp,SecondStressorValue,1/1/21
92813,557,PHX472,development time,individual-level duration of life stage,6,days,terrestrial,laboratory,resource supply,food quantity supplied at a constant rate ,1,mg individual-1 day-1,Fort Myers Florida,field,decimal,26.616667,-81.833333,Aedes aegypti,Yellow fever mosquito,Animalia,Arthropoda,Insecta,Diptera,Culicidae,Aedes,aegypti,juvenile (not inc egg stage),32,Celsius,26,Celsius,supplementary material,Huxley et al. 2021. The effect of resource limitation on the temperature-dependance of mosquito fitness. Proc. R. Soc. B. 288: 20203217.,10.1098/rspb.2020.3217,"Da Re, D., Andreo, V., San Miguel, T.V. et al. AedesTraits: A global dataset of temperature–dependent trait responses in Aedes mosquitoes. Sci Data 12, 2033 (2025).",10.1038/s41597-025-06461-z,Paul Huxley,phuxly@gmail.com,Interactor1Temp,SecondStressorValue,1/1/21
92815,557,PHX473,development time,individual-level duration of life stage,6,days,terrestrial,laboratory,resource supply,food quantity supplied at a constant rate ,1,mg individual-1 day-1,Fort Myers Florida,field,decimal,26.616667,-81.833333,Aedes aegypti,Yellow fever mosquito,Animalia,Arthropoda,Insecta,Diptera,Culicidae,Aedes,aegypti,juvenile (not inc egg stage),32,Celsius,26,Celsius,supplementary material,Huxley et al. 2021. The effect of resource limitation on the temperature-dependance of mosquito fitness. Proc. R. Soc. B. 288: 20203217.,10.1098/rspb.2020.3217,"Da Re, D., Andreo, V., San Miguel, T.V. et al. AedesTraits: A global dataset of temperature–dependent trait responses in Aedes mosquitoes. Sci Data 12, 2033 (2025).",10.1038/s41597-025-06461-z,Paul Huxley,phuxly@gmail.com,Interactor1Temp,SecondStressorValue,1/1/21
92817,557,PHX474,development time,individual-level duration of life stage,6,days,terrestrial,laboratory,resource supply,food quantity supplied at a constant rate ,1,mg individual-1 day-1,Fort Myers Florida,field,decimal,26.616667,-81.833333,Aedes aegypti,Yellow fever mosquito,Animalia,Arthropoda,Insecta,Diptera,Culicidae,Aedes,aegypti,juvenile (not inc egg stage),32,Celsius,26,Celsius,supplementary material,Huxley et al. 2021. The effect of resource limitation on the temperature-dependance of mosquito fitness. Proc. R. Soc. B. 288: 20203217.,10.1098/rspb.2020.3217,"Da Re, D., Andreo, V., San Miguel, T.V. et al. AedesTraits: A global dataset of temperature–dependent trait responses in Aedes mosquitoes. Sci Data 12, 2033 (2025).",10.1038/s41597-025-06461-z,Paul Huxley,phuxly@gmail.com,Interactor1Temp,SecondStressorValue,1/1/21
92820,557,PHX475,development time,individual-level duration of life stage,7,days,terrestrial,laboratory,resource supply,food quantity supplied at a constant rate ,1,mg individual-1 day-1,Fort Myers Florida,field,decimal,26.616667,-81.833333,Aedes aegypti,Yellow fever mosquito,Animalia,Arthropoda,Insecta,Diptera,Culicidae,Aedes,aegypti,juvenile (not inc egg stage),32,Celsius,26,Celsius,supplementary material,Huxley et al. 2021. The effect of resource limitation on the temperature-dependance of mosquito fitness. Proc. R. Soc. B. 288: 20203217.,10.1098/rspb.2020.3217,"Da Re, D., Andreo, V., San Miguel, T.V. et al. AedesTraits: A global dataset of temperature–dependent trait responses in Aedes mosquitoes. Sci Data 12, 2033 (2025).",10.1038/s41597-025-06461-z,Paul Huxley,phuxly@gmail.com,Interactor1Temp,SecondStressorValue,1/1/21
92822,557,PHX476,development time,individual-level duration of life stage,6,days,terrestrial,laboratory,resource supply,food quantity supplied at a constant rate ,1,mg individual-1 day-1,Fort Myers Florida,field,decimal,26.616667,-81.833333,Aedes aegypti,Yellow fever mosquito,Animalia,Arthropoda,Insecta,Diptera,Culicidae,Aedes,aegypti,juvenile (not inc egg stage),32,Celsius,26,Celsius,supplementary material,Huxley et al. 2021. The effect of resource limitation on the temperature-dependance of mosquito fitness. Proc. R. Soc. B. 288: 20203217.,10.1098/rspb.2020.3217,"Da Re, D., Andreo, V., San Miguel, T.V. et al. AedesTraits: A global dataset of temperature–dependent trait responses in Aedes mosquitoes. Sci Data 12, 2033 (2025).",10.1038/s41597-025-06461-z,Paul Huxley,phuxly@gmail.com,Interactor1Temp,SecondStressorValue,1/1/21
92824,557,PHX477,development time,individual-level duration of life stage,5,days,terrestrial,laboratory,resource supply,food quantity supplied at a constant rate ,1,mg individual-1 day-1,Fort Myers Florida,field,decimal,26.616667,-81.833333,Aedes aegypti,Yellow fever mosquito,Animalia,Arthropoda,Insecta,Diptera,Culicidae,Aedes,aegypti,juvenile (not inc egg stage),32,Celsius,26,Celsius,supplementary material,Huxley et al. 2021. The effect of resource limitation on the temperature-dependance of mosquito fitness. Proc. R. Soc. B. 288: 20203217.,10.1098/rspb.2020.3217,"Da Re, D., Andreo, V., San Miguel, T.V. et al. AedesTraits: A global dataset of temperature–dependent trait responses in Aedes mosquitoes. Sci Data 12, 2033 (2025).",10.1038/s41597-025-06461-z,Paul Huxley,phuxly@gmail.com,Interactor1Temp,SecondStressorValue,1/1/21
92826,557,PHX478,development time,individual-level duration of life stage,6,days,terrestrial,laboratory,resource supply,food quantity supplied at a constant rate ,1,mg individual-1 day-1,Fort Myers Florida,field,decimal,26.616667,-81.833333,Aedes aegypti,Yellow fever mosquito,Animalia,Arthropoda,Insecta,Diptera,Culicidae,Aedes,aegypti,juvenile (not inc egg stage),32,Celsius,26,Celsius,supplementary material,Huxley et al. 2021. The effect of resource limitation on the temperature-dependance of mosquito fitness. Proc. R. Soc. B. 288: 20203217.,10.1098/rspb.2020.3217,"Da Re, D., Andreo, V., San Miguel, T.V. et al. AedesTraits: A global dataset of temperature–dependent trait responses in Aedes mosquitoes. Sci Data 12, 2033 (2025).",10.1038/s41597-025-06461-z,Paul Huxley,phuxly@gmail.com,Interactor1Temp,SecondStressorValue,1/1/21
92828,557,PHX479,development time,individual-level duration of life stage,6,days,terrestrial,laboratory,resource supply,food quantity supplied at a constant rate ,1,mg individual-1 day-1,Fort Myers Florida,field,decimal,26.616667,-81.833333,Aedes aegypti,Yellow fever mosquito,Animalia,Arthropoda,Insecta,Diptera,Culicidae,Aedes,aegypti,juvenile (not inc egg stage),32,Celsius,26,Celsius,supplementary material,Huxley et al. 2021. The effect of resource limitation on the temperature-dependance of mosquito fitness. Proc. R. Soc. B. 288: 20203217.,10.1098/rspb.2020.3217,"Da Re, D., Andreo, V., San Miguel, T.V. et al. AedesTraits: A global dataset of temperature–dependent trait responses in Aedes mosquitoes. Sci Data 12, 2033 (2025).",10.1038/s41597-025-06461-z,Paul Huxley,phuxly@gmail.com,Interactor1Temp,SecondStressorValue,1/1/21
92831,557,PHX480,development time,individual-level duration of life stage,6,days,terrestrial,laboratory,resource supply,food quantity supplied at a constant rate ,1,mg individual-1 day-1,Fort Myers Florida,field,decimal,26.616667,-81.833333,Aedes aegypti,Yellow fever mosquito,Animalia,Arthropoda,Insecta,Diptera,Culicidae,Aedes,aegypti,juvenile (not inc egg stage),32,Celsius,26,Celsius,supplementary material,Huxley et al. 2021. The effect of resource limitation on the temperature-dependance of mosquito fitness. Proc. R. Soc. B. 288: 20203217.,10.1098/rspb.2020.3217,"Da Re, D., Andreo, V., San Miguel, T.V. et al. AedesTraits: A global dataset of temperature–dependent trait responses in Aedes mosquitoes. Sci Data 12, 2033 (2025).",10.1038/s41597-025-06461-z,Paul Huxley,phuxly@gmail.com,Interactor1Temp,SecondStressorValue,1/1/21
92833,557,PHX481,development time,individual-level duration of life stage,20,days,terrestrial,laboratory,resource supply,food quantity supplied at a constant rate ,0.1,mg individual-1 day-1,Fort Myers Florida,field,decimal,26.616667,-81.833333,Aedes aegypti,Yellow fever mosquito,Animalia,Arthropoda,Insecta,Diptera,Culicidae,Aedes,aegypti,juvenile (not inc egg stage),26,Celsius,26,Celsius,supplementary material,Huxley et al. 2021. The effect of resource limitation on the temperature-dependance of mosquito fitness. Proc. R. Soc. B. 288: 20203217.,10.1098/rspb.2020.3217,"Da Re, D., Andreo, V., San Miguel, T.V. et al. AedesTraits: A global dataset of temperature–dependent trait responses in Aedes mosquitoes. Sci Data 12, 2033 (2025).",10.1038/s41597-025-06461-z,Paul Huxley,phuxly@gmail.com,Interactor1Temp,SecondStressorValue,1/1/21
92835,557,PHX482,development time,individual-level duration of life stage,27,days,terrestrial,laboratory,resource supply,food quantity supplied at a constant rate ,0.1,mg individual-1 day-1,Fort Myers Florida,field,decimal,26.616667,-81.833333,Aedes aegypti,Yellow fever mosquito,Animalia,Arthropoda,Insecta,Diptera,Culicidae,Aedes,aegypti,juvenile (not inc egg stage),26,Celsius,26,Celsius,supplementary material,Huxley et al. 2021. The effect of resource limitation on the temperature-dependance of mosquito fitness. Proc. R. Soc. B. 288: 20203217.,10.1098/rspb.2020.3217,"Da Re, D., Andreo, V., San Miguel, T.V. et al. AedesTraits: A global dataset of temperature–dependent trait responses in Aedes mosquitoes. Sci Data 12, 2033 (2025).",10.1038/s41597-025-06461-z,Paul Huxley,phuxly@gmail.com,Interactor1Temp,SecondStressorValue,1/1/21
92837,557,PHX483,development time,individual-level duration of life stage,10,days,terrestrial,laboratory,resource supply,food quantity supplied at a constant rate ,1,mg individual-1 day-1,Fort Myers Florida,field,decimal,26.616667,-81.833333,Aedes aegypti,Yellow fever mosquito,Animalia,Arthropoda,Insecta,Diptera,Culicidae,Aedes,aegypti,juvenile (not inc egg stage),26,Celsius,26,Celsius,supplementary material,Huxley et al. 2021. The effect of resource limitation on the temperature-dependance of mosquito fitness. Proc. R. Soc. B. 288: 20203217.,10.1098/rspb.2020.3217,"Da Re, D., Andreo, V., San Miguel, T.V. et al. AedesTraits: A global dataset of temperature–dependent trait responses in Aedes mosquitoes. Sci Data 12, 2033 (2025).",10.1038/s41597-025-06461-z,Paul Huxley,phuxly@gmail.com,Interactor1Temp,SecondStressorValue,1/1/21
92839,557,PHX484,development time,individual-level duration of life stage,16,days,terrestrial,laboratory,resource supply,food quantity supplied at a constant rate ,1,mg individual-1 day-1,Fort Myers Florida,field,decimal,26.616667,-81.833333,Aedes aegypti,Yellow fever mosquito,Animalia,Arthropoda,Insecta,Diptera,Culicidae,Aedes,aegypti,juvenile (not inc egg stage),22,Celsius,26,Celsius,supplementary material,Huxley et al. 2021. The effect of resource limitation on the temperature-dependance of mosquito fitness. Proc. R. Soc. B. 288: 20203217.,10.1098/rspb.2020.3217,"Da Re, D., Andreo, V., San Miguel, T.V. et al. AedesTraits: A global dataset of temperature–dependent trait responses in Aedes mosquitoes. Sci Data 12, 2033 (2025).",10.1038/s41597-025-06461-z,Paul Huxley,phuxly@gmail.com,Interactor1Temp,SecondStressorValue,1/1/21
92842,557,PHX485,development time,individual-level duration of life stage,29,days,terrestrial,laboratory,resource supply,food quantity supplied at a constant rate ,0.1,mg individual-1 day-1,Fort Myers Florida,field,decimal,26.616667,-81.833333,Aedes aegypti,Yellow fever mosquito,Animalia,Arthropoda,Insecta,Diptera,Culicidae,Aedes,aegypti,juvenile (not inc egg stage),26,Celsius,26,Celsius,supplementary material,Huxley et al. 2021. The effect of resource limitation on the temperature-dependance of mosquito fitness. Proc. R. Soc. B. 288: 20203217.,10.1098/rspb.2020.3217,"Da Re, D., Andreo, V., San Miguel, T.V. et al. AedesTraits: A global dataset of temperature–dependent trait responses in Aedes mosquitoes. Sci Data 12, 2033 (2025).",10.1038/s41597-025-06461-z,Paul Huxley,phuxly@gmail.com,Interactor1Temp,SecondStressorValue,1/1/21
92844,557,PHX486,development time,individual-level duration of life stage,30,days,terrestrial,laboratory,resource supply,food quantity supplied at a constant rate ,0.1,mg individual-1 day-1,Fort Myers Florida,field,decimal,26.616667,-81.833333,Aedes aegypti,Yellow fever mosquito,Animalia,Arthropoda,Insecta,Diptera,Culicidae,Aedes,aegypti,juvenile (not inc egg stage),26,Celsius,26,Celsius,supplementary material,Huxley et al. 2021. The effect of resource limitation on the temperature-dependance of mosquito fitness. Proc. R. Soc. B. 288: 20203217.,10.1098/rspb.2020.3217,"Da Re, D., Andreo, V., San Miguel, T.V. et al. AedesTraits: A global dataset of temperature–dependent trait responses in Aedes mosquitoes. Sci Data 12, 2033 (2025).",10.1038/s41597-025-06461-z,Paul Huxley,phuxly@gmail.com,Interactor1Temp,SecondStressorValue,1/1/21